step,tag
1000,reward,1,-812.1723561697555,-812.172,PPO,HalfCheetah-v4,0
2000,reward,2,-634.9790104754527,-723.576,PPO,HalfCheetah-v4,0
3000,reward,3,-751.142050942706,-732.764,PPO,HalfCheetah-v4,0
4000,reward,4,-674.27876603549,-718.143,PPO,HalfCheetah-v4,0
5000,reward,5,-612.1544123561293,-696.945,PPO,HalfCheetah-v4,0
6000,reward,6,-640.0980956994252,-687.471,PPO,HalfCheetah-v4,0
7000,reward,7,-694.9279076638629,-688.536,PPO,HalfCheetah-v4,0
8000,reward,8,-625.979264016118,-680.716,PPO,HalfCheetah-v4,0
8192,loss,0.0021870359778404236,0.7915135025978088,PPO,HalfCheetah-v4,0
9000,reward,9,-709.9610503333631,-683.966,PPO,HalfCheetah-v4,0
10000,speed,1072.48,0.16,PPO,HalfCheetah-v4,0
10000,reward,10,-597.148352084589,-675.284,PPO,HalfCheetah-v4,0
11000,reward,11,-652.4235500200152,-659.309,PPO,HalfCheetah-v4,0
12000,reward,12,-665.6329131257697,-662.375,PPO,HalfCheetah-v4,0
13000,reward,13,-691.3640253785026,-656.397,PPO,HalfCheetah-v4,0
14000,reward,14,-691.4471536184117,-658.114,PPO,HalfCheetah-v4,0
15000,reward,15,-575.5880871092987,-654.457,PPO,HalfCheetah-v4,0
16000,reward,16,-837.6445005426523,-674.212,PPO,HalfCheetah-v4,0
16384,loss,0.06151214987039566,0.6034297347068787,PPO,HalfCheetah-v4,0
16384,diagnostics,0.0,23.51,1.5787,0.00452,0.975443,-1.0,-1.0,PPO,HalfCheetah-v4,0
17000,reward,17,-701.9047774142243,-674.909,PPO,HalfCheetah-v4,0
18000,reward,18,-668.1488259841472,-679.126,PPO,HalfCheetah-v4,0
19000,reward,19,-716.0524064875237,-679.735,PPO,HalfCheetah-v4,0
20000,speed,1089.97,0.31,PPO,HalfCheetah-v4,0
20000,reward,20,-457.6371858690102,-665.784,PPO,HalfCheetah-v4,0
21000,reward,21,-488.49390778390506,-649.391,PPO,HalfCheetah-v4,0
22000,reward,22,-655.026938978531,-648.331,PPO,HalfCheetah-v4,0
23000,reward,23,-643.834846467998,-643.578,PPO,HalfCheetah-v4,0
24000,reward,24,-791.7913900767732,-653.612,PPO,HalfCheetah-v4,0
24576,loss,-0.035186514258384705,0.8125462532043457,PPO,HalfCheetah-v4,0
25000,reward,25,-642.7236406200781,-660.326,PPO,HalfCheetah-v4,0
26000,reward,26,-538.1072440492658,-630.372,PPO,HalfCheetah-v4,0
27000,reward,27,-574.1879728329868,-617.6,PPO,HalfCheetah-v4,0
28000,reward,28,-597.8391585738021,-610.569,PPO,HalfCheetah-v4,0
29000,reward,29,-520.8545153362471,-591.05,PPO,HalfCheetah-v4,0
30000,speed,1051.89,0.47,PPO,HalfCheetah-v4,0
30000,reward,30,-571.2820930465118,-602.414,PPO,HalfCheetah-v4,0
31000,reward,31,-436.889791224127,-597.254,PPO,HalfCheetah-v4,0
32000,reward,32,-488.39451058836073,-580.591,PPO,HalfCheetah-v4,0
32768,loss,-0.04417950287461281,0.6721780300140381,PPO,HalfCheetah-v4,0
32768,diagnostics,0.0,24.1,2.8955,0.010498,0.973923,-1.0,-1.0,PPO,HalfCheetah-v4,0
33000,reward,33,-539.0415106581394,-570.111,PPO,HalfCheetah-v4,0
34000,reward,34,-636.4650535858838,-554.579,PPO,HalfCheetah-v4,0
35000,reward,35,-547.0539134272581,-545.012,PPO,HalfCheetah-v4,0
36000,reward,36,-583.3894393648976,-549.54,PPO,HalfCheetah-v4,0
37000,reward,37,-534.173428006199,-545.538,PPO,HalfCheetah-v4,0
38000,reward,38,-595.6784050866521,-545.322,PPO,HalfCheetah-v4,0
39000,reward,39,-438.2816750130541,-537.065,PPO,HalfCheetah-v4,0
40000,speed,1058.77,0.62,PPO,HalfCheetah-v4,0
40000,reward,40,-524.0872071360437,-532.345,PPO,HalfCheetah-v4,0
40960,loss,-0.10686823725700378,0.6632011532783508,PPO,HalfCheetah-v4,0
41000,reward,41,-582.9085886676381,-546.947,PPO,HalfCheetah-v4,0
42000,reward,42,-642.2871793567655,-562.337,PPO,HalfCheetah-v4,0
43000,reward,43,-486.8717077819834,-557.12,PPO,HalfCheetah-v4,0
44000,reward,44,-572.5404491943871,-550.727,PPO,HalfCheetah-v4,0
45000,reward,45,-483.9678565899812,-544.419,PPO,HalfCheetah-v4,0
46000,reward,46,-577.7878891056797,-543.858,PPO,HalfCheetah-v4,0
47000,reward,47,-498.5775774536697,-540.299,PPO,HalfCheetah-v4,0
48000,reward,48,-584.2366370747418,-539.155,PPO,HalfCheetah-v4,0
49000,reward,49,-564.420260703477,-551.769,PPO,HalfCheetah-v4,0
49152,loss,0.003388148732483387,0.8717626929283142,PPO,HalfCheetah-v4,0
49152,diagnostics,0.0,24.49,4.3749,0.014216,0.972997,-1.0,-1.0,PPO,HalfCheetah-v4,0
50000,speed,706.11,0.86,PPO,HalfCheetah-v4,0
50000,reward,50,-483.36912145403693,-547.697,PPO,HalfCheetah-v4,0
51000,reward,51,-563.2351794805901,-545.729,PPO,HalfCheetah-v4,0
52000,reward,52,-357.60130493601923,-517.261,PPO,HalfCheetah-v4,0
53000,reward,53,-465.42609645741726,-515.116,PPO,HalfCheetah-v4,0
54000,reward,54,-491.9886658286613,-507.061,PPO,HalfCheetah-v4,0
55000,reward,55,-484.8265170129633,-507.147,PPO,HalfCheetah-v4,0
56000,reward,56,-665.7152112604697,-515.94,PPO,HalfCheetah-v4,0
57000,reward,57,-537.3167420492852,-519.814,PPO,HalfCheetah-v4,0
57344,loss,-0.019635356962680817,0.7427184581756592,PPO,HalfCheetah-v4,0
58000,reward,58,-478.89618702201733,-509.28,PPO,HalfCheetah-v4,0
59000,reward,59,-485.06516379006666,-501.344,PPO,HalfCheetah-v4,0
60000,speed,1073.83,1.02,PPO,HalfCheetah-v4,0
60000,reward,60,-519.5675248086009,-504.964,PPO,HalfCheetah-v4,0
61000,reward,61,-513.8876353759235,-500.029,PPO,HalfCheetah-v4,0
62000,reward,62,-482.0531682742052,-512.474,PPO,HalfCheetah-v4,0
63000,reward,63,-555.6814357901416,-521.5,PPO,HalfCheetah-v4,0
64000,reward,64,-530.406060972389,-525.342,PPO,HalfCheetah-v4,0
65000,reward,65,-555.2152727583141,-532.38,PPO,HalfCheetah-v4,0
65536,loss,-0.06576250493526459,0.8432342410087585,PPO,HalfCheetah-v4,0
65536,diagnostics,0.0,24.94,3.4897,0.018563,0.97188,-1.0,-1.0,PPO,HalfCheetah-v4,0
66000,reward,66,-500.4878291774885,-515.858,PPO,HalfCheetah-v4,0
67000,reward,67,-399.2551577435696,-502.052,PPO,HalfCheetah-v4,0
68000,reward,68,-514.6175059877274,-505.624,PPO,HalfCheetah-v4,0
69000,reward,69,-468.66451960391964,-503.984,PPO,HalfCheetah-v4,0
70000,speed,1094.97,1.17,PPO,HalfCheetah-v4,0
70000,reward,70,-502.65661243155733,-502.293,PPO,HalfCheetah-v4,0
71000,reward,71,-511.66385258077867,-502.07,PPO,HalfCheetah-v4,0
72000,reward,72,-592.6591325268446,-513.131,PPO,HalfCheetah-v4,0
73000,reward,73,-559.8334785249945,-513.546,PPO,HalfCheetah-v4,0
73728,loss,-0.03342214971780777,0.7790637612342834,PPO,HalfCheetah-v4,0
74000,reward,74,-514.7144228162629,-511.977,PPO,HalfCheetah-v4,0
75000,reward,75,-494.4904003088423,-505.904,PPO,HalfCheetah-v4,0
76000,reward,76,-506.5450846043058,-506.51,PPO,HalfCheetah-v4,0
77000,reward,77,-625.0410587583578,-529.089,PPO,HalfCheetah-v4,0
78000,reward,78,-517.6092050213928,-529.388,PPO,HalfCheetah-v4,0
79000,reward,79,-400.7901494672155,-522.6,PPO,HalfCheetah-v4,0
80000,speed,1068.45,1.32,PPO,HalfCheetah-v4,0
80000,reward,80,-387.4060042855233,-511.075,PPO,HalfCheetah-v4,0
81000,reward,81,-527.1177231220342,-512.621,PPO,HalfCheetah-v4,0
81920,loss,-0.1931024044752121,0.684520959854126,PPO,HalfCheetah-v4,0
81920,diagnostics,0.0,25.3,4.9179,0.021432,0.971159,-1.0,-1.0,PPO,HalfCheetah-v4,0
82000,reward,82,-505.8975841647222,-503.945,PPO,HalfCheetah-v4,0
83000,reward,83,-467.65033517783854,-494.726,PPO,HalfCheetah-v4,0
84000,reward,84,-414.1464171016633,-484.669,PPO,HalfCheetah-v4,0
85000,reward,85,-447.6822233342068,-479.989,PPO,HalfCheetah-v4,0
86000,reward,86,-470.55187879341156,-476.389,PPO,HalfCheetah-v4,0
87000,reward,87,-470.4084983192222,-460.926,PPO,HalfCheetah-v4,0
88000,reward,88,-504.1307546757988,-459.578,PPO,HalfCheetah-v4,0
89000,reward,89,-385.4248539293001,-458.042,PPO,HalfCheetah-v4,0
90000,speed,1082.52,1.48,PPO,HalfCheetah-v4,0
90000,reward,90,-422.3646380062295,-461.537,PPO,HalfCheetah-v4,0
90112,loss,-0.04299130290746689,0.7317367196083069,PPO,HalfCheetah-v4,0
91000,reward,91,-540.1197180328645,-462.838,PPO,HalfCheetah-v4,0
92000,reward,92,-471.4014272953357,-459.388,PPO,HalfCheetah-v4,0
93000,reward,93,-527.2754683360707,-465.351,PPO,HalfCheetah-v4,0
94000,reward,94,-449.7255739395763,-468.909,PPO,HalfCheetah-v4,0
95000,reward,95,-555.137086313618,-479.654,PPO,HalfCheetah-v4,0
96000,reward,96,-491.0386004398983,-481.703,PPO,HalfCheetah-v4,0
97000,reward,97,-395.97790613345774,-474.26,PPO,HalfCheetah-v4,0
98000,reward,98,-487.9286210397318,-472.639,PPO,HalfCheetah-v4,0
98304,loss,-0.03968726843595505,0.9623252749443054,PPO,HalfCheetah-v4,0
98304,diagnostics,0.0,25.69,6.9884,0.024493,0.97034,-1.0,-1.0,PPO,HalfCheetah-v4,0
99000,reward,99,-459.1978789608521,-480.017,PPO,HalfCheetah-v4,0
100000,speed,726.47,1.71,PPO,HalfCheetah-v4,0
100000,reward,100,-389.8347672020145,-476.764,PPO,HalfCheetah-v4,0
101000,reward,101,-384.24263240644893,-461.176,PPO,HalfCheetah-v4,0
102000,reward,102,-450.46656982082584,-459.083,PPO,HalfCheetah-v4,0
103000,reward,103,-478.04588179332575,-454.16,PPO,HalfCheetah-v4,0
104000,reward,104,-489.274601483497,-458.114,PPO,HalfCheetah-v4,0
105000,reward,105,-415.8829442053207,-444.189,PPO,HalfCheetah-v4,0
106000,reward,106,-439.80165080759656,-439.065,PPO,HalfCheetah-v4,0
106496,loss,0.032247863709926605,0.8816431760787964,PPO,HalfCheetah-v4,0
107000,reward,107,-432.768232426409,-442.744,PPO,HalfCheetah-v4,0
108000,reward,108,-418.69521769767226,-435.821,PPO,HalfCheetah-v4,0
109000,reward,109,-452.6007448696169,-435.161,PPO,HalfCheetah-v4,0
110000,speed,1107.41,1.86,PPO,HalfCheetah-v4,0
110000,reward,110,-420.37512348800215,-438.215,PPO,HalfCheetah-v4,0
111000,reward,111,-420.92671315923934,-441.884,PPO,HalfCheetah-v4,0
112000,reward,112,-519.3903287315583,-448.776,PPO,HalfCheetah-v4,0
113000,reward,113,-467.69316724638054,-447.741,PPO,HalfCheetah-v4,0
114000,reward,114,-287.508623812084,-427.564,PPO,HalfCheetah-v4,0
114688,loss,-0.024924417957663536,0.817986249923706,PPO,HalfCheetah-v4,0
114688,diagnostics,0.0,26.06,4.1639,0.027438,0.969592,-1.0,-1.0,PPO,HalfCheetah-v4,0
115000,reward,115,-409.99821414522523,-426.976,PPO,HalfCheetah-v4,0
116000,reward,116,-446.35037295160885,-427.631,PPO,HalfCheetah-v4,0
117000,reward,117,-404.39309412947154,-424.793,PPO,HalfCheetah-v4,0
118000,reward,118,-337.85095293105246,-416.709,PPO,HalfCheetah-v4,0
119000,reward,119,-313.34985249666136,-402.784,PPO,HalfCheetah-v4,0
120000,speed,1107.29,2.01,PPO,HalfCheetah-v4,0
120000,reward,120,-319.31334135077367,-392.677,PPO,HalfCheetah-v4,0
121000,reward,121,-377.95416049582275,-388.38,PPO,HalfCheetah-v4,0
122000,reward,122,-424.5255013885434,-378.894,PPO,HalfCheetah-v4,0
122880,loss,0.06846701353788376,0.7521611452102661,PPO,HalfCheetah-v4,0
123000,reward,123,-472.1723770237956,-379.342,PPO,HalfCheetah-v4,0
124000,reward,124,-360.31585149931504,-386.622,PPO,HalfCheetah-v4,0
125000,reward,125,-426.60752899261865,-388.283,PPO,HalfCheetah-v4,0
126000,reward,126,-435.1852159634574,-387.167,PPO,HalfCheetah-v4,0
127000,reward,127,-363.31921797458244,-383.059,PPO,HalfCheetah-v4,0
128000,reward,128,-398.87888404268153,-389.162,PPO,HalfCheetah-v4,0
129000,reward,129,-399.89677827234095,-397.817,PPO,HalfCheetah-v4,0
130000,speed,1056.42,2.17,PPO,HalfCheetah-v4,0
130000,reward,130,-304.20759015952984,-396.306,PPO,HalfCheetah-v4,0
131000,reward,131,-412.06793236314854,-399.718,PPO,HalfCheetah-v4,0
131072,loss,-0.046764545142650604,0.8597735166549683,PPO,HalfCheetah-v4,0
131072,diagnostics,0.0,26.41,9.906,0.029897,0.969003,-1.0,-1.0,PPO,HalfCheetah-v4,0
132000,reward,132,-436.74720340760547,-400.94,PPO,HalfCheetah-v4,0
133000,reward,133,-348.337716533051,-388.556,PPO,HalfCheetah-v4,0
134000,reward,134,-435.7247682534572,-396.097,PPO,HalfCheetah-v4,0
135000,reward,135,-383.17872396584534,-391.754,PPO,HalfCheetah-v4,0
136000,reward,136,-400.4029572697369,-388.276,PPO,HalfCheetah-v4,0
137000,reward,137,-433.2489980053283,-395.269,PPO,HalfCheetah-v4,0
138000,reward,138,-390.2688482407226,-394.408,PPO,HalfCheetah-v4,0
139000,reward,139,-399.850600005352,-394.404,PPO,HalfCheetah-v4,0
139264,loss,-0.0466107577085495,0.8975043296813965,PPO,HalfCheetah-v4,0
140000,speed,707.07,2.4,PPO,HalfCheetah-v4,0
140000,reward,140,-405.2631380446383,-404.509,PPO,HalfCheetah-v4,0
141000,reward,141,-397.2908072050273,-403.031,PPO,HalfCheetah-v4,0
142000,reward,142,-412.61715350080664,-400.618,PPO,HalfCheetah-v4,0
143000,reward,143,-200.1689038165967,-385.801,PPO,HalfCheetah-v4,0
144000,reward,144,-409.4883532929227,-383.178,PPO,HalfCheetah-v4,0
145000,reward,145,-337.4051239114157,-378.6,PPO,HalfCheetah-v4,0
146000,reward,146,-423.20174493377357,-380.88,PPO,HalfCheetah-v4,0
147000,reward,147,-183.47596672909938,-355.903,PPO,HalfCheetah-v4,0
147456,loss,0.002922528423368931,0.7593340873718262,PPO,HalfCheetah-v4,0
147456,diagnostics,0.0,26.75,8.9143,0.032036,0.968462,-1.0,-1.0,PPO,HalfCheetah-v4,0
148000,reward,148,-262.2904103775074,-343.105,PPO,HalfCheetah-v4,0
149000,reward,149,-289.64656268914325,-332.085,PPO,HalfCheetah-v4,0
150000,speed,1088.36,2.55,PPO,HalfCheetah-v4,0
150000,reward,150,-330.2357017605575,-324.582,PPO,HalfCheetah-v4,0
151000,reward,151,-419.5114136720419,-326.804,PPO,HalfCheetah-v4,0
152000,reward,152,-360.44279847694617,-321.587,PPO,HalfCheetah-v4,0
153000,reward,153,-342.54763611973397,-335.825,PPO,HalfCheetah-v4,0
154000,reward,154,-263.5990022463226,-321.236,PPO,HalfCheetah-v4,0
155000,reward,155,-339.0344845690296,-321.399,PPO,HalfCheetah-v4,0
155648,loss,-0.015743250027298927,0.9048261642456055,PPO,HalfCheetah-v4,0
156000,reward,156,-349.87304017801085,-314.066,PPO,HalfCheetah-v4,0
157000,reward,157,-514.1101293431777,-347.129,PPO,HalfCheetah-v4,0
158000,reward,158,-279.7908355738691,-348.879,PPO,HalfCheetah-v4,0
159000,reward,159,-397.98688954847194,-359.713,PPO,HalfCheetah-v4,0
160000,speed,1125.7,2.7,PPO,HalfCheetah-v4,0
160000,reward,160,-314.97690504213506,-358.187,PPO,HalfCheetah-v4,0
161000,reward,161,-341.6228021765987,-350.398,PPO,HalfCheetah-v4,0
162000,reward,162,-341.0844428479909,-348.463,PPO,HalfCheetah-v4,0
163000,reward,163,-351.17577882152364,-349.325,PPO,HalfCheetah-v4,0
163840,loss,-0.018158016726374626,0.7446590662002563,PPO,HalfCheetah-v4,0
163840,diagnostics,0.0,27.03,8.0012,0.034106,0.96793,-1.0,-1.0,PPO,HalfCheetah-v4,0
164000,reward,164,-276.6003174411155,-350.626,PPO,HalfCheetah-v4,0
165000,reward,165,-290.73164995805627,-345.795,PPO,HalfCheetah-v4,0
166000,reward,166,-333.538317237323,-344.162,PPO,HalfCheetah-v4,0
167000,reward,167,-253.28085668005005,-318.079,PPO,HalfCheetah-v4,0
168000,reward,168,-312.4664161427793,-321.346,PPO,HalfCheetah-v4,0
169000,reward,169,-237.6574325884148,-305.313,PPO,HalfCheetah-v4,0
170000,speed,1061.71,2.86,PPO,HalfCheetah-v4,0
170000,reward,170,-529.7747938502247,-326.793,PPO,HalfCheetah-v4,0
171000,reward,171,-402.9371365995685,-332.925,PPO,HalfCheetah-v4,0
172000,reward,172,-317.24391790577704,-330.541,PPO,HalfCheetah-v4,0
172032,loss,-0.045131467282772064,0.8950442671775818,PPO,HalfCheetah-v4,0
173000,reward,173,-392.2004635559831,-334.643,PPO,HalfCheetah-v4,0
174000,reward,174,-329.0947626469406,-339.893,PPO,HalfCheetah-v4,0
175000,reward,175,-281.3118804257776,-338.951,PPO,HalfCheetah-v4,0
176000,reward,176,-351.8470377156371,-340.781,PPO,HalfCheetah-v4,0
177000,reward,177,-296.0431606888228,-345.058,PPO,HalfCheetah-v4,0
178000,reward,178,-301.11957267338386,-343.923,PPO,HalfCheetah-v4,0
179000,reward,179,-312.6080854418338,-351.418,PPO,HalfCheetah-v4,0
180000,speed,1057.26,3.02,PPO,HalfCheetah-v4,0
180000,reward,180,-356.7646488518532,-334.117,PPO,HalfCheetah-v4,0
180224,loss,-0.031017035245895386,0.939365565776825,PPO,HalfCheetah-v4,0
180224,diagnostics,0.0,27.35,9.7126,0.036148,0.967402,-1.0,-1.0,PPO,HalfCheetah-v4,0
181000,reward,181,-293.69550049433684,-323.193,PPO,HalfCheetah-v4,0
182000,reward,182,-312.09788046399893,-322.678,PPO,HalfCheetah-v4,0
183000,reward,183,-364.1095874251095,-319.869,PPO,HalfCheetah-v4,0
184000,reward,184,-247.52871195904083,-311.713,PPO,HalfCheetah-v4,0
185000,reward,185,-299.6676898506436,-313.548,PPO,HalfCheetah-v4,0
186000,reward,186,-360.83737436189904,-314.447,PPO,HalfCheetah-v4,0
187000,reward,187,-331.5965476658053,-318.003,PPO,HalfCheetah-v4,0
188000,reward,188,-324.1943044926847,-320.31,PPO,HalfCheetah-v4,0
188416,loss,-0.003503535408526659,0.8641246557235718,PPO,HalfCheetah-v4,0
189000,reward,189,-275.8929696901456,-316.639,PPO,HalfCheetah-v4,0
190000,speed,729.29,3.25,PPO,HalfCheetah-v4,0
190000,reward,190,-325.8839000587551,-313.55,PPO,HalfCheetah-v4,0
191000,reward,191,-259.3357340575509,-310.114,PPO,HalfCheetah-v4,0
192000,reward,192,-270.9952998863941,-306.004,PPO,HalfCheetah-v4,0
193000,reward,193,-362.6831484997097,-305.862,PPO,HalfCheetah-v4,0
194000,reward,194,-292.7539941154368,-310.384,PPO,HalfCheetah-v4,0
195000,reward,195,-246.35682099380156,-305.053,PPO,HalfCheetah-v4,0
196000,reward,196,-294.7759407258,-298.447,PPO,HalfCheetah-v4,0
196608,loss,0.012485421262681484,0.7665570378303528,PPO,HalfCheetah-v4,0
196608,diagnostics,0.0,27.76,5.2314,0.038784,0.966668,-1.0,-1.0,PPO,HalfCheetah-v4,0
197000,reward,197,-348.53886847684214,-300.141,PPO,HalfCheetah-v4,0
198000,reward,198,-317.1261004819051,-299.434,PPO,HalfCheetah-v4,0
199000,reward,199,-310.7170885459134,-302.917,PPO,HalfCheetah-v4,0
200000,speed,1058.14,3.4,PPO,HalfCheetah-v4,0
200000,reward,200,-311.70756333464806,-301.499,PPO,HalfCheetah-v4,0
201000,reward,201,-201.52878412652683,-295.718,PPO,HalfCheetah-v4,0
202000,reward,202,-289.3949492892573,-297.558,PPO,HalfCheetah-v4,0
203000,reward,203,-288.08430913109777,-290.098,PPO,HalfCheetah-v4,0
204000,reward,204,-318.82683676491,-292.706,PPO,HalfCheetah-v4,0
204800,loss,-0.13071458041667938,0.7261456251144409,PPO,HalfCheetah-v4,0
205000,reward,205,-256.9068078309475,-293.761,PPO,HalfCheetah-v4,0
206000,reward,206,-330.76895690319765,-297.36,PPO,HalfCheetah-v4,0
207000,reward,207,-205.95483152825113,-283.102,PPO,HalfCheetah-v4,0
208000,reward,208,-290.5213203253273,-280.441,PPO,HalfCheetah-v4,0
209000,reward,209,-274.317472034124,-276.801,PPO,HalfCheetah-v4,0
210000,speed,1085.45,3.56,PPO,HalfCheetah-v4,0
210000,reward,210,-291.8395528085706,-274.814,PPO,HalfCheetah-v4,0
211000,reward,211,-262.8968437383042,-280.951,PPO,HalfCheetah-v4,0
212000,reward,212,-281.68225223900845,-280.18,PPO,HalfCheetah-v4,0
212992,loss,-0.05054304748773575,0.9893272519111633,PPO,HalfCheetah-v4,0
212992,diagnostics,0.0,28.12,10.0523,0.041174,0.966051,-1.0,-1.0,PPO,HalfCheetah-v4,0
213000,reward,213,-246.57589077701624,-276.029,PPO,HalfCheetah-v4,0
214000,reward,214,-316.4736294598764,-275.794,PPO,HalfCheetah-v4,0
215000,reward,215,-282.83645652994386,-278.387,PPO,HalfCheetah-v4,0
216000,reward,216,-352.14330908179323,-280.524,PPO,HalfCheetah-v4,0
217000,reward,217,-309.09512935996435,-290.838,PPO,HalfCheetah-v4,0
218000,reward,218,-312.77213823704415,-293.063,PPO,HalfCheetah-v4,0
219000,reward,219,-250.1361535112584,-290.645,PPO,HalfCheetah-v4,0
220000,speed,1120.62,3.71,PPO,HalfCheetah-v4,0
220000,reward,220,-215.88663830918526,-283.05,PPO,HalfCheetah-v4,0
221000,reward,221,-251.0171331422849,-281.862,PPO,HalfCheetah-v4,0
221184,loss,0.010016366839408875,0.6415454149246216,PPO,HalfCheetah-v4,0
222000,reward,222,-227.34402644595752,-276.428,PPO,HalfCheetah-v4,0
223000,reward,223,-181.94532843655986,-269.965,PPO,HalfCheetah-v4,0
224000,reward,224,-215.09539817228247,-259.827,PPO,HalfCheetah-v4,0
225000,reward,225,-260.64160485848396,-257.608,PPO,HalfCheetah-v4,0
226000,reward,226,-207.4647289647812,-243.14,PPO,HalfCheetah-v4,0
227000,reward,227,-259.1735076813026,-238.148,PPO,HalfCheetah-v4,0
228000,reward,228,-263.1858787804071,-233.189,PPO,HalfCheetah-v4,0
229000,reward,229,-268.67715752621984,-235.043,PPO,HalfCheetah-v4,0
229376,loss,0.005861502140760422,0.9102157354354858,PPO,HalfCheetah-v4,0
229376,diagnostics,0.0,28.55,8.6323,0.044138,0.965187,-1.0,-1.0,PPO,HalfCheetah-v4,0
230000,speed,703.44,3.94,PPO,HalfCheetah-v4,0
230000,reward,230,-249.65388966542523,-238.42,PPO,HalfCheetah-v4,0
231000,reward,231,-291.70634428422676,-242.489,PPO,HalfCheetah-v4,0
232000,reward,232,-228.17248372492557,-242.572,PPO,HalfCheetah-v4,0
233000,reward,233,-315.68857135412196,-255.946,PPO,HalfCheetah-v4,0
234000,reward,234,-241.20130095076655,-258.557,PPO,HalfCheetah-v4,0
235000,reward,235,-273.10027389840747,-259.802,PPO,HalfCheetah-v4,0
236000,reward,236,-182.4428501609458,-257.3,PPO,HalfCheetah-v4,0
237000,reward,237,-334.1146566515375,-264.794,PPO,HalfCheetah-v4,0
237568,loss,-0.06883891671895981,0.6844911575317383,PPO,HalfCheetah-v4,0
238000,reward,238,-233.14995252081607,-261.791,PPO,HalfCheetah-v4,0
239000,reward,239,-274.37753566650605,-262.361,PPO,HalfCheetah-v4,0
240000,speed,1087.88,4.1,PPO,HalfCheetah-v4,0
240000,reward,240,-175.12362075080233,-254.908,PPO,HalfCheetah-v4,0
241000,reward,241,-285.985635326595,-254.336,PPO,HalfCheetah-v4,0
242000,reward,242,-463.94914453933626,-277.913,PPO,HalfCheetah-v4,0
243000,reward,243,-253.35206765353453,-271.68,PPO,HalfCheetah-v4,0
244000,reward,244,-323.1725663812623,-279.877,PPO,HalfCheetah-v4,0
245000,reward,245,-189.74305329075997,-271.541,PPO,HalfCheetah-v4,0
245760,loss,-0.07217759639024734,0.7926853895187378,PPO,HalfCheetah-v4,0
245760,diagnostics,0.0,29.02,6.5527,0.047241,0.964354,-1.0,-1.0,PPO,HalfCheetah-v4,0
246000,reward,246,-176.861118159709,-270.983,PPO,HalfCheetah-v4,0
247000,reward,247,-256.26977528388784,-263.198,PPO,HalfCheetah-v4,0
248000,reward,248,-169.61849058253577,-256.845,PPO,HalfCheetah-v4,0
249000,reward,249,-281.5725902072127,-257.565,PPO,HalfCheetah-v4,0
250000,speed,1099.25,4.25,PPO,HalfCheetah-v4,0
250000,reward,250,-226.48635594492768,-262.701,PPO,HalfCheetah-v4,0
251000,reward,251,-200.1405300154922,-254.117,PPO,HalfCheetah-v4,0
252000,reward,252,-341.10974610878304,-241.833,PPO,HalfCheetah-v4,0
253000,reward,253,-150.2537045346939,-231.523,PPO,HalfCheetah-v4,0
253952,loss,-0.008433159440755844,0.7915530204772949,PPO,HalfCheetah-v4,0
254000,reward,254,-271.0797257854209,-226.314,PPO,HalfCheetah-v4,0
255000,reward,255,-177.7747159239088,-225.117,PPO,HalfCheetah-v4,0
256000,reward,256,-360.3819430751041,-243.469,PPO,HalfCheetah-v4,0
257000,reward,257,-262.17168257001975,-244.059,PPO,HalfCheetah-v4,0
258000,reward,258,-167.54766288456597,-243.852,PPO,HalfCheetah-v4,0
259000,reward,259,-170.77793206052849,-232.772,PPO,HalfCheetah-v4,0
260000,speed,1062.66,4.4,PPO,HalfCheetah-v4,0
260000,reward,260,-194.40667980750527,-229.564,PPO,HalfCheetah-v4,0
261000,reward,261,-194.78500070743974,-229.029,PPO,HalfCheetah-v4,0
262000,reward,262,-179.14954453945023,-212.833,PPO,HalfCheetah-v4,0
262144,loss,-0.050356365740299225,0.7386083602905273,PPO,HalfCheetah-v4,0
262144,diagnostics,0.0,29.57,5.0316,0.050755,0.963387,-1.0,-1.0,PPO,HalfCheetah-v4,0
263000,reward,263,-205.7267179864932,-218.38,PPO,HalfCheetah-v4,0
264000,reward,264,-148.73179764094232,-206.145,PPO,HalfCheetah-v4,0
265000,reward,265,-382.79799164025377,-226.648,PPO,HalfCheetah-v4,0
266000,reward,266,-138.36966186066974,-204.446,PPO,HalfCheetah-v4,0
267000,reward,267,-219.9792410763643,-200.227,PPO,HalfCheetah-v4,0
268000,reward,268,-134.66577560079986,-196.939,PPO,HalfCheetah-v4,0
269000,reward,269,-257.25267887931057,-205.587,PPO,HalfCheetah-v4,0
270000,speed,1067.93,4.56,PPO,HalfCheetah-v4,0
270000,reward,270,-149.85816563792923,-201.132,PPO,HalfCheetah-v4,0
270336,loss,-0.09203856438398361,0.7181649208068848,PPO,HalfCheetah-v4,0
271000,reward,271,-188.29435658844287,-200.483,PPO,HalfCheetah-v4,0
272000,reward,272,-159.42707361730035,-198.51,PPO,HalfCheetah-v4,0
273000,reward,273,-170.7485091167577,-195.013,PPO,HalfCheetah-v4,0
274000,reward,274,-170.84305556551402,-197.224,PPO,HalfCheetah-v4,0
275000,reward,275,-96.5770630833569,-168.602,PPO,HalfCheetah-v4,0
276000,reward,276,-271.8273651536135,-181.947,PPO,HalfCheetah-v4,0
277000,reward,277,-105.80793871615553,-170.53,PPO,HalfCheetah-v4,0
278000,reward,278,-118.16549841384419,-168.88,PPO,HalfCheetah-v4,0
278528,loss,-0.029122639447450638,0.800905704498291,PPO,HalfCheetah-v4,0
278528,diagnostics,0.0,30.05,6.1367,0.05385,0.962539,-1.0,-1.0,PPO,HalfCheetah-v4,0
279000,reward,279,-137.22743215349482,-156.878,PPO,HalfCheetah-v4,0
280000,speed,725.5,4.79,PPO,HalfCheetah-v4,0
280000,reward,280,-226.13937992573577,-164.506,PPO,HalfCheetah-v4,0
281000,reward,281,-292.188973112672,-174.895,PPO,HalfCheetah-v4,0
282000,reward,282,-152.63045814017974,-174.216,PPO,HalfCheetah-v4,0
283000,reward,283,-153.074298939279,-172.448,PPO,HalfCheetah-v4,0
284000,reward,284,-220.23850524533495,-177.388,PPO,HalfCheetah-v4,0
285000,reward,285,-120.02692275971435,-179.733,PPO,HalfCheetah-v4,0
286000,reward,286,-183.62041853293036,-170.912,PPO,HalfCheetah-v4,0
286720,loss,-0.03502851724624634,0.5938999652862549,PPO,HalfCheetah-v4,0
287000,reward,287,-154.09653242472928,-175.741,PPO,HalfCheetah-v4,0
288000,reward,288,-192.52894454908557,-183.177,PPO,HalfCheetah-v4,0
289000,reward,289,-140.0804569557029,-183.462,PPO,HalfCheetah-v4,0
290000,speed,1123.56,4.94,PPO,HalfCheetah-v4,0
290000,reward,290,-150.69606044931078,-175.918,PPO,HalfCheetah-v4,0
291000,reward,291,-109.64313593504501,-157.664,PPO,HalfCheetah-v4,0
292000,reward,292,-183.4094817502587,-160.741,PPO,HalfCheetah-v4,0
293000,reward,293,-122.98641105720455,-157.733,PPO,HalfCheetah-v4,0
294000,reward,294,-120.50544485921756,-147.759,PPO,HalfCheetah-v4,0
294912,loss,-0.0030331015586853027,0.699445366859436,PPO,HalfCheetah-v4,0
294912,diagnostics,0.0,30.63,5.2342,0.057754,0.961435,-1.0,-1.0,PPO,HalfCheetah-v4,0
295000,reward,295,-93.49315529465028,-145.106,PPO,HalfCheetah-v4,0
296000,reward,296,-77.93697499311529,-134.538,PPO,HalfCheetah-v4,0
297000,reward,297,-178.57247246874513,-136.985,PPO,HalfCheetah-v4,0
298000,reward,298,-178.36541062914577,-135.569,PPO,HalfCheetah-v4,0
299000,reward,299,-144.71236057232554,-136.032,PPO,HalfCheetah-v4,0
300000,speed,1063.77,5.1,PPO,HalfCheetah-v4,0
300000,reward,300,-93.0368098502409,-130.266,PPO,HalfCheetah-v4,0
301000,reward,301,-63.16389074336131,-125.618,PPO,HalfCheetah-v4,0
302000,reward,302,-96.69081515956343,-116.946,PPO,HalfCheetah-v4,0
303000,reward,303,-137.49388332760844,-118.397,PPO,HalfCheetah-v4,0
303104,loss,-0.09048154950141907,0.6496824026107788,PPO,HalfCheetah-v4,0
304000,reward,304,-34.389288858562445,-109.786,PPO,HalfCheetah-v4,0
305000,reward,305,-126.30984208487482,-113.067,PPO,HalfCheetah-v4,0
306000,reward,306,-84.16357080137189,-113.69,PPO,HalfCheetah-v4,0
307000,reward,307,-174.68961679462817,-113.302,PPO,HalfCheetah-v4,0
308000,reward,308,-57.39743635766298,-101.205,PPO,HalfCheetah-v4,0
309000,reward,309,-103.68196538240022,-97.102,PPO,HalfCheetah-v4,0
310000,speed,1065.11,5.25,PPO,HalfCheetah-v4,0
310000,reward,310,-170.62087237346543,-104.86,PPO,HalfCheetah-v4,0
311000,reward,311,-38.69820684722707,-102.414,PPO,HalfCheetah-v4,0
311296,loss,-0.10659287869930267,0.7505040168762207,PPO,HalfCheetah-v4,0
311296,diagnostics,0.0,31.14,8.0465,0.060611,0.960629,-1.0,-1.0,PPO,HalfCheetah-v4,0
312000,reward,312,-41.85059828427687,-96.93,PPO,HalfCheetah-v4,0
313000,reward,313,-97.66555428716009,-92.947,PPO,HalfCheetah-v4,0
314000,reward,314,-32.024555111722506,-92.71,PPO,HalfCheetah-v4,0
315000,reward,315,-55.59001871335196,-85.638,PPO,HalfCheetah-v4,0
316000,reward,316,-25.52400059006808,-79.774,PPO,HalfCheetah-v4,0
317000,reward,317,-60.472050988051315,-68.353,PPO,HalfCheetah-v4,0
318000,reward,318,-62.905448149509056,-68.903,PPO,HalfCheetah-v4,0
319000,reward,319,-63.48026053861926,-64.883,PPO,HalfCheetah-v4,0
319488,loss,0.0018081199377775192,0.7200613021850586,PPO,HalfCheetah-v4,0
320000,speed,719.65,5.48,PPO,HalfCheetah-v4,0
320000,reward,320,-83.3341307909287,-56.154,PPO,HalfCheetah-v4,0
321000,reward,321,1.878183010373462,-52.097,PPO,HalfCheetah-v4,0
322000,reward,322,-60.92479766497206,-54.004,PPO,HalfCheetah-v4,0
323000,reward,323,-7.979911028948248,-45.036,PPO,HalfCheetah-v4,0
324000,reward,324,-93.7105539487996,-51.204,PPO,HalfCheetah-v4,0
325000,reward,325,3.7236067825181003,-45.273,PPO,HalfCheetah-v4,0
326000,reward,326,-70.99030470885074,-49.82,PPO,HalfCheetah-v4,0
327000,reward,327,-56.95828409194086,-49.468,PPO,HalfCheetah-v4,0
327680,loss,-0.06669937074184418,0.5659452080726624,PPO,HalfCheetah-v4,0
327680,diagnostics,0.0,31.63,3.8484,0.063509,0.959668,-1.0,-1.0,PPO,HalfCheetah-v4,0
328000,reward,328,21.45173285242568,-41.032,PPO,HalfCheetah-v4,0
329000,reward,329,17.16937989696154,-32.968,PPO,HalfCheetah-v4,0
330000,speed,1082.53,5.64,PPO,HalfCheetah-v4,0
330000,reward,330,-27.31963023002813,-27.366,PPO,HalfCheetah-v4,0
331000,reward,331,-81.4590261836455,-35.7,PPO,HalfCheetah-v4,0
332000,reward,332,-28.316122421757584,-32.439,PPO,HalfCheetah-v4,0
333000,reward,333,34.548421131107766,-28.186,PPO,HalfCheetah-v4,0
334000,reward,334,-26.168389801305473,-21.432,PPO,HalfCheetah-v4,0
335000,reward,335,-36.4320675118949,-25.447,PPO,HalfCheetah-v4,0
335872,loss,-0.03158387541770935,0.6670681834220886,PPO,HalfCheetah-v4,0
336000,reward,336,-10.884254284330552,-19.437,PPO,HalfCheetah-v4,0
337000,reward,337,38.0867745836829,-9.932,PPO,HalfCheetah-v4,0
338000,reward,338,-31.05633937689953,-15.183,PPO,HalfCheetah-v4,0
339000,reward,339,-46.635500456253794,-21.564,PPO,HalfCheetah-v4,0
340000,speed,1041.63,5.8,PPO,HalfCheetah-v4,0
340000,reward,340,57.88561148575405,-13.043,PPO,HalfCheetah-v4,0
341000,reward,341,-56.90806410029764,-10.588,PPO,HalfCheetah-v4,0
342000,reward,342,18.458106021621724,-5.911,PPO,HalfCheetah-v4,0
343000,reward,343,57.235141838092666,-3.642,PPO,HalfCheetah-v4,0
344000,reward,344,-20.337175451322047,-3.059,PPO,HalfCheetah-v4,0
344064,loss,-0.041231606155633926,0.6674267053604126,PPO,HalfCheetah-v4,0
344064,diagnostics,0.0,32.12,5.6916,0.066293,0.958899,-1.0,-1.0,PPO,HalfCheetah-v4,0
345000,reward,345,44.00697327693042,4.985,PPO,HalfCheetah-v4,0
346000,reward,346,-0.31410187585596105,6.042,PPO,HalfCheetah-v4,0
347000,reward,347,-10.130149472359996,1.22,PPO,HalfCheetah-v4,0
348000,reward,348,74.55346973964829,11.781,PPO,HalfCheetah-v4,0
349000,reward,349,51.63668660560792,21.609,PPO,HalfCheetah-v4,0
350000,speed,1063.76,5.95,PPO,HalfCheetah-v4,0
350000,reward,350,58.70782797366281,21.691,PPO,HalfCheetah-v4,0
351000,reward,351,20.578794847605273,29.44,PPO,HalfCheetah-v4,0
352000,reward,352,51.030098522597996,32.697,PPO,HalfCheetah-v4,0
352256,loss,-0.12510107457637787,0.6411731243133545,PPO,HalfCheetah-v4,0
353000,reward,353,32.242553759291525,30.197,PPO,HalfCheetah-v4,0
354000,reward,354,33.56701089710297,35.588,PPO,HalfCheetah-v4,0
355000,reward,355,-37.52284242239388,27.435,PPO,HalfCheetah-v4,0
356000,reward,356,18.095611555072278,29.276,PPO,HalfCheetah-v4,0
357000,reward,357,64.34077435477423,36.723,PPO,HalfCheetah-v4,0
358000,reward,358,45.473217754910294,33.815,PPO,HalfCheetah-v4,0
359000,reward,359,42.05031244397121,32.856,PPO,HalfCheetah-v4,0
360000,speed,1136.41,6.1,PPO,HalfCheetah-v4,0
360000,reward,360,70.44618143095731,34.03,PPO,HalfCheetah-v4,0
360448,loss,-0.05247253179550171,0.7392296195030212,PPO,HalfCheetah-v4,0
360448,diagnostics,0.0,32.51,6.9753,0.06872,0.958143,-1.0,-1.0,PPO,HalfCheetah-v4,0
361000,reward,361,126.91510253067013,44.664,PPO,HalfCheetah-v4,0
362000,reward,362,4.944585641986841,40.055,PPO,HalfCheetah-v4,0
363000,reward,363,128.03761437468992,49.635,PPO,HalfCheetah-v4,0
364000,reward,364,150.7834476142445,61.356,PPO,HalfCheetah-v4,0
365000,reward,365,95.640694244267,74.673,PPO,HalfCheetah-v4,0
366000,reward,366,17.59179022415629,74.622,PPO,HalfCheetah-v4,0
367000,reward,367,106.7044905941028,78.859,PPO,HalfCheetah-v4,0
368000,reward,368,38.401583886558505,78.152,PPO,HalfCheetah-v4,0
368640,loss,-0.05103718116879463,0.7446736693382263,PPO,HalfCheetah-v4,0
369000,reward,369,49.298118994076674,78.876,PPO,HalfCheetah-v4,0
370000,speed,706.33,6.34,PPO,HalfCheetah-v4,0
370000,reward,370,107.62832259969285,82.595,PPO,HalfCheetah-v4,0
371000,reward,371,80.98810723400385,78.002,PPO,HalfCheetah-v4,0
372000,reward,372,124.30975354206757,89.938,PPO,HalfCheetah-v4,0
373000,reward,373,74.13740309784406,84.548,PPO,HalfCheetah-v4,0
374000,reward,374,11.464605308499323,70.616,PPO,HalfCheetah-v4,0
375000,reward,375,133.0048745081101,74.353,PPO,HalfCheetah-v4,0
376000,reward,376,133.81651519354614,85.975,PPO,HalfCheetah-v4,0
376832,loss,0.04867376759648323,0.8703101277351379,PPO,HalfCheetah-v4,0
376832,diagnostics,0.0,33.05,7.8589,0.07198,0.957158,-1.0,-1.0,PPO,HalfCheetah-v4,0
377000,reward,377,91.75287733980339,84.48,PPO,HalfCheetah-v4,0
378000,reward,378,122.59485877004826,92.9,PPO,HalfCheetah-v4,0
379000,reward,379,48.596909894706286,92.829,PPO,HalfCheetah-v4,0
380000,speed,1035.67,6.5,PPO,HalfCheetah-v4,0
380000,reward,380,83.13180082081985,90.38,PPO,HalfCheetah-v4,0
381000,reward,381,140.98099430366352,96.379,PPO,HalfCheetah-v4,0
382000,reward,382,67.77595356870985,90.726,PPO,HalfCheetah-v4,0
383000,reward,383,-41.10615790347749,79.201,PPO,HalfCheetah-v4,0
384000,reward,384,218.51902068593932,99.907,PPO,HalfCheetah-v4,0
385000,reward,385,-79.73463260216269,78.633,PPO,HalfCheetah-v4,0
385024,loss,0.06890955567359924,0.6460127234458923,PPO,HalfCheetah-v4,0
386000,reward,386,140.68226324224898,79.319,PPO,HalfCheetah-v4,0
387000,reward,387,202.7070718670359,90.415,PPO,HalfCheetah-v4,0
388000,reward,388,123.06714009150569,90.462,PPO,HalfCheetah-v4,0
389000,reward,389,214.31362981135226,107.034,PPO,HalfCheetah-v4,0
390000,speed,1134.39,6.64,PPO,HalfCheetah-v4,0
390000,reward,390,119.99243136880251,110.72,PPO,HalfCheetah-v4,0
391000,reward,391,155.56820197904437,112.178,PPO,HalfCheetah-v4,0
392000,reward,392,225.45923438210056,127.947,PPO,HalfCheetah-v4,0
393000,reward,393,176.42919030832425,149.7,PPO,HalfCheetah-v4,0
393216,loss,0.02360951527953148,0.7865114808082581,PPO,HalfCheetah-v4,0
393216,diagnostics,0.0,33.47,12.4196,0.074539,0.956351,-1.0,-1.0,PPO,HalfCheetah-v4,0
394000,reward,394,222.37512463634548,150.086,PPO,HalfCheetah-v4,0
395000,reward,395,89.36811855957151,166.996,PPO,HalfCheetah-v4,0
396000,reward,396,152.8175342808084,168.21,PPO,HalfCheetah-v4,0
397000,reward,397,177.97149652775872,165.736,PPO,HalfCheetah-v4,0
398000,reward,398,203.9883379197409,173.828,PPO,HalfCheetah-v4,0
399000,reward,399,155.9206765207149,167.989,PPO,HalfCheetah-v4,0
400000,speed,1096.98,6.8,PPO,HalfCheetah-v4,0
400000,reward,400,127.95944174862166,168.786,PPO,HalfCheetah-v4,0
401000,reward,401,186.02454749108244,171.831,PPO,HalfCheetah-v4,0
401408,loss,-0.04140516743063927,0.8056544661521912,PPO,HalfCheetah-v4,0
402000,reward,402,240.7632950259597,173.362,PPO,HalfCheetah-v4,0
403000,reward,403,127.44732973931062,168.464,PPO,HalfCheetah-v4,0
404000,reward,404,221.6224597057025,168.388,PPO,HalfCheetah-v4,0
405000,reward,405,298.9496528478626,189.346,PPO,HalfCheetah-v4,0
406000,reward,406,181.19686103914597,192.184,PPO,HalfCheetah-v4,0
407000,reward,407,160.19040960991617,190.406,PPO,HalfCheetah-v4,0
408000,reward,408,243.2544691017325,194.333,PPO,HalfCheetah-v4,0
409000,reward,409,261.5884602873105,204.9,PPO,HalfCheetah-v4,0
409600,loss,0.015261265449225903,0.7918335795402527,PPO,HalfCheetah-v4,0
409600,diagnostics,0.0,33.9,5.3844,0.077117,0.955502,-1.0,-1.0,PPO,HalfCheetah-v4,0
410000,speed,701.13,7.03,PPO,HalfCheetah-v4,0
410000,reward,410,243.10993172256138,216.415,PPO,HalfCheetah-v4,0
411000,reward,411,305.11889713667034,228.324,PPO,HalfCheetah-v4,0
412000,reward,412,323.6890782435527,236.617,PPO,HalfCheetah-v4,0
413000,reward,413,284.8691017176818,252.359,PPO,HalfCheetah-v4,0
414000,reward,414,321.61631887990814,262.358,PPO,HalfCheetah-v4,0
415000,reward,415,199.63991440227392,252.427,PPO,HalfCheetah-v4,0
416000,reward,416,170.58986128443087,251.367,PPO,HalfCheetah-v4,0
417000,reward,417,303.2318032835042,265.671,PPO,HalfCheetah-v4,0
417792,loss,0.060076966881752014,0.7958441972732544,PPO,HalfCheetah-v4,0
418000,reward,418,291.4105686955115,270.486,PPO,HalfCheetah-v4,0
419000,reward,419,314.3735491571281,275.765,PPO,HalfCheetah-v4,0
420000,speed,1126.46,7.18,PPO,HalfCheetah-v4,0
420000,reward,420,233.31561227584382,274.785,PPO,HalfCheetah-v4,0
421000,reward,421,217.42042191172305,266.016,PPO,HalfCheetah-v4,0
422000,reward,422,283.13775342149927,261.96,PPO,HalfCheetah-v4,0
423000,reward,423,286.69549968113154,262.143,PPO,HalfCheetah-v4,0
424000,reward,424,221.84589759046327,252.166,PPO,HalfCheetah-v4,0
425000,reward,425,297.7967762696801,261.982,PPO,HalfCheetah-v4,0
425984,loss,-0.043595366179943085,0.6764886975288391,PPO,HalfCheetah-v4,0
425984,diagnostics,0.0,34.34,4.9923,0.079804,0.954645,-1.0,-1.0,PPO,HalfCheetah-v4,0
426000,reward,426,129.49782565202491,257.873,PPO,HalfCheetah-v4,0
427000,reward,427,300.2861285215739,257.578,PPO,HalfCheetah-v4,0
428000,reward,428,344.3210978052473,262.869,PPO,HalfCheetah-v4,0
429000,reward,429,301.70028431328086,261.602,PPO,HalfCheetah-v4,0
430000,speed,1072.17,7.34,PPO,HalfCheetah-v4,0
430000,reward,430,247.47414598871637,263.018,PPO,HalfCheetah-v4,0
431000,reward,431,300.2867641236497,271.304,PPO,HalfCheetah-v4,0
432000,reward,432,283.68129773010435,271.359,PPO,HalfCheetah-v4,0
433000,reward,433,313.0563360119353,273.995,PPO,HalfCheetah-v4,0
434000,reward,434,292.0555228306737,281.016,PPO,HalfCheetah-v4,0
434176,loss,0.06195121631026268,0.7502065300941467,PPO,HalfCheetah-v4,0
435000,reward,435,359.5318611161942,287.189,PPO,HalfCheetah-v4,0
436000,reward,436,151.1765550117177,289.357,PPO,HalfCheetah-v4,0
437000,reward,437,329.03783431860944,292.232,PPO,HalfCheetah-v4,0
438000,reward,438,315.21253124688053,289.321,PPO,HalfCheetah-v4,0
439000,reward,439,309.7442890781343,290.126,PPO,HalfCheetah-v4,0
440000,speed,1035.17,7.5,PPO,HalfCheetah-v4,0
440000,reward,440,354.0547166646247,300.784,PPO,HalfCheetah-v4,0
441000,reward,441,369.74071588274546,307.729,PPO,HalfCheetah-v4,0
442000,reward,442,319.14723342286567,311.276,PPO,HalfCheetah-v4,0
442368,loss,-0.020539619028568268,0.6934689283370972,PPO,HalfCheetah-v4,0
442368,diagnostics,0.0,34.75,9.1279,0.082161,0.953905,-1.0,-1.0,PPO,HalfCheetah-v4,0
443000,reward,443,349.5589507333774,314.926,PPO,HalfCheetah-v4,0
444000,reward,444,224.3628554867047,308.157,PPO,HalfCheetah-v4,0
445000,reward,445,431.75108889515633,315.379,PPO,HalfCheetah-v4,0
446000,reward,446,335.6564867342361,333.827,PPO,HalfCheetah-v4,0
447000,reward,447,459.2830240433964,346.851,PPO,HalfCheetah-v4,0
448000,reward,448,406.462253020268,355.976,PPO,HalfCheetah-v4,0
449000,reward,449,378.9547452291673,362.897,PPO,HalfCheetah-v4,0
450000,speed,1088.46,7.65,PPO,HalfCheetah-v4,0
450000,reward,450,350.79207660402614,362.571,PPO,HalfCheetah-v4,0
450560,loss,-0.026837153360247612,0.7263925075531006,PPO,HalfCheetah-v4,0
451000,reward,451,287.9069975905208,354.388,PPO,HalfCheetah-v4,0
452000,reward,452,322.2133305727129,354.694,PPO,HalfCheetah-v4,0
453000,reward,453,416.5670292955199,361.395,PPO,HalfCheetah-v4,0
454000,reward,454,371.88743511531834,376.147,PPO,HalfCheetah-v4,0
455000,reward,455,392.9978519724498,372.272,PPO,HalfCheetah-v4,0
456000,reward,456,394.5429970692668,378.161,PPO,HalfCheetah-v4,0
457000,reward,457,366.65896113856155,368.898,PPO,HalfCheetah-v4,0
458000,reward,458,313.05828270042156,359.558,PPO,HalfCheetah-v4,0
458752,loss,-0.0906737893819809,0.584867537021637,PPO,HalfCheetah-v4,0
458752,diagnostics,0.0,35.18,7.287,0.084617,0.95305,-1.0,-1.0,PPO,HalfCheetah-v4,0
459000,reward,459,399.58713711433916,361.621,PPO,HalfCheetah-v4,0
460000,speed,716.19,7.88,PPO,HalfCheetah-v4,0
460000,reward,460,384.2144140855698,364.963,PPO,HalfCheetah-v4,0
461000,reward,461,356.7711299409043,371.85,PPO,HalfCheetah-v4,0
462000,reward,462,425.1343632518194,382.142,PPO,HalfCheetah-v4,0
463000,reward,463,427.0989315751136,383.195,PPO,HalfCheetah-v4,0
464000,reward,464,354.0791708559331,381.414,PPO,HalfCheetah-v4,0
465000,reward,465,286.5773132900344,370.772,PPO,HalfCheetah-v4,0
466000,reward,466,416.96428822964833,373.014,PPO,HalfCheetah-v4,0
466944,loss,-0.02110925316810608,0.8120980858802795,PPO,HalfCheetah-v4,0
467000,reward,467,443.1078371312943,380.659,PPO,HalfCheetah-v4,0
468000,reward,468,478.1867788677937,397.172,PPO,HalfCheetah-v4,0
469000,reward,469,470.66448199046016,404.28,PPO,HalfCheetah-v4,0
470000,speed,1108.77,8.03,PPO,HalfCheetah-v4,0
470000,reward,470,453.58167127129286,411.217,PPO,HalfCheetah-v4,0
471000,reward,471,414.7178799164916,417.011,PPO,HalfCheetah-v4,0
472000,reward,472,497.2091294175684,424.219,PPO,HalfCheetah-v4,0
473000,reward,473,449.9148468557444,426.5,PPO,HalfCheetah-v4,0
474000,reward,474,416.5015002980907,432.743,PPO,HalfCheetah-v4,0
475000,reward,475,509.62689363497987,455.048,PPO,HalfCheetah-v4,0
475136,loss,-0.013211909681558609,0.9348962903022766,PPO,HalfCheetah-v4,0
475136,diagnostics,0.0,35.56,6.6034,0.086678,0.952414,-1.0,-1.0,PPO,HalfCheetah-v4,0
476000,reward,476,506.7851481924989,464.03,PPO,HalfCheetah-v4,0
477000,reward,477,263.7159311071361,446.09,PPO,HalfCheetah-v4,0
478000,reward,478,570.19148903262,455.291,PPO,HalfCheetah-v4,0
479000,reward,479,387.6310701749895,446.988,PPO,HalfCheetah-v4,0
480000,speed,1124.45,8.18,PPO,HalfCheetah-v4,0
480000,reward,480,574.4084129911231,459.07,PPO,HalfCheetah-v4,0
481000,reward,481,478.7576065674044,465.474,PPO,HalfCheetah-v4,0
482000,reward,482,498.25705543967456,465.579,PPO,HalfCheetah-v4,0
483000,reward,483,505.13726990368986,471.101,PPO,HalfCheetah-v4,0
483328,loss,-0.1243118941783905,0.6517354846000671,PPO,HalfCheetah-v4,0
484000,reward,484,474.96551471622445,476.948,PPO,HalfCheetah-v4,0
485000,reward,485,478.4532313806967,473.83,PPO,HalfCheetah-v4,0
486000,reward,486,583.9478039577205,481.547,PPO,HalfCheetah-v4,0
487000,reward,487,445.1889775100109,499.694,PPO,HalfCheetah-v4,0
488000,reward,488,468.845512958472,489.559,PPO,HalfCheetah-v4,0
489000,reward,489,496.07552345211,500.404,PPO,HalfCheetah-v4,0
490000,speed,1111.69,8.33,PPO,HalfCheetah-v4,0
490000,reward,490,499.77460187771624,492.94,PPO,HalfCheetah-v4,0
491000,reward,491,499.4660720860305,495.011,PPO,HalfCheetah-v4,0
491520,loss,-0.012553516775369644,0.730906069278717,PPO,HalfCheetah-v4,0
491520,diagnostics,0.0,35.96,8.5244,0.088896,0.951621,-1.0,-1.0,PPO,HalfCheetah-v4,0
492000,reward,492,385.88835325526964,483.774,PPO,HalfCheetah-v4,0
493000,reward,493,526.7733509592374,485.938,PPO,HalfCheetah-v4,0
494000,reward,494,464.77186118215104,484.919,PPO,HalfCheetah-v4,0
495000,reward,495,547.069976221447,491.78,PPO,HalfCheetah-v4,0
496000,reward,496,470.94505082756643,480.48,PPO,HalfCheetah-v4,0
497000,reward,497,520.7126974003698,488.032,PPO,HalfCheetah-v4,0
498000,reward,498,481.88790659887945,489.337,PPO,HalfCheetah-v4,0
499000,reward,499,434.08100265235606,483.137,PPO,HalfCheetah-v4,0
499712,loss,-0.05514074116945267,0.6362214684486389,PPO,HalfCheetah-v4,0
500000,speed,732.47,8.56,PPO,HalfCheetah-v4,0
500000,reward,500,394.6943371570905,472.629,PPO,HalfCheetah-v4,0
501000,reward,501,543.1234950336357,476.995,PPO,HalfCheetah-v4,0
502000,reward,502,563.7602199997292,494.782,PPO,HalfCheetah-v4,0
503000,reward,503,593.3549054966893,501.44,PPO,HalfCheetah-v4,0
504000,reward,504,558.596635248194,510.823,PPO,HalfCheetah-v4,0
505000,reward,505,501.95147048756075,506.311,PPO,HalfCheetah-v4,0
506000,reward,506,590.7499027523868,518.291,PPO,HalfCheetah-v4,0
507000,reward,507,409.75848366085415,507.196,PPO,HalfCheetah-v4,0
507904,loss,0.0246148519217968,0.9811846613883972,PPO,HalfCheetah-v4,0
507904,diagnostics,0.0,36.38,21.7762,0.090591,0.951239,-1.0,-1.0,PPO,HalfCheetah-v4,0
508000,reward,508,439.8949091311323,502.997,PPO,HalfCheetah-v4,0
509000,reward,509,561.772989638399,515.766,PPO,HalfCheetah-v4,0
510000,speed,1120.82,8.71,PPO,HalfCheetah-v4,0
510000,reward,510,583.3893826707275,534.635,PPO,HalfCheetah-v4,0
511000,reward,511,647.2124928837146,545.044,PPO,HalfCheetah-v4,0
512000,reward,512,529.0988983656501,541.578,PPO,HalfCheetah-v4,0
513000,reward,513,528.2795390580943,535.07,PPO,HalfCheetah-v4,0
514000,reward,514,441.9283411608234,523.404,PPO,HalfCheetah-v4,0
515000,reward,515,614.64438376665,534.673,PPO,HalfCheetah-v4,0
516000,reward,516,603.827431890793,535.981,PPO,HalfCheetah-v4,0
516096,loss,-0.12854723632335663,0.8179266452789307,PPO,HalfCheetah-v4,0
517000,reward,517,656.0531851941356,560.61,PPO,HalfCheetah-v4,0
518000,reward,518,646.966001249773,581.317,PPO,HalfCheetah-v4,0
519000,reward,519,643.3306645873695,589.473,PPO,HalfCheetah-v4,0
520000,speed,1106.9,8.86,PPO,HalfCheetah-v4,0
520000,reward,520,477.82560443632974,578.917,PPO,HalfCheetah-v4,0
521000,reward,521,608.3200784569123,575.027,PPO,HalfCheetah-v4,0
522000,reward,522,547.5477131419307,576.872,PPO,HalfCheetah-v4,0
523000,reward,523,500.52856681553214,574.097,PPO,HalfCheetah-v4,0
524000,reward,524,560.8515438912149,585.99,PPO,HalfCheetah-v4,0
524288,loss,-0.00025114789605140686,0.6696580052375793,PPO,HalfCheetah-v4,0
524288,diagnostics,0.0,36.7,7.0897,0.092291,0.95076,-1.0,-1.0,PPO,HalfCheetah-v4,0
525000,reward,525,640.6816566201834,588.593,PPO,HalfCheetah-v4,0
526000,reward,526,581.3729946700464,586.348,PPO,HalfCheetah-v4,0
527000,reward,527,515.1940324099855,572.262,PPO,HalfCheetah-v4,0
528000,reward,528,594.8940462190636,567.055,PPO,HalfCheetah-v4,0
529000,reward,529,529.6818339258331,555.69,PPO,HalfCheetah-v4,0
530000,speed,1100.02,9.01,PPO,HalfCheetah-v4,0
530000,reward,530,711.2583244408117,579.033,PPO,HalfCheetah-v4,0
531000,reward,531,677.4522705826371,585.946,PPO,HalfCheetah-v4,0
532000,reward,532,535.78584910214,584.77,PPO,HalfCheetah-v4,0
532480,loss,0.00886386539787054,0.6355919241905212,PPO,HalfCheetah-v4,0
533000,reward,533,629.56133566728,597.673,PPO,HalfCheetah-v4,0
534000,reward,534,539.9736284851582,595.586,PPO,HalfCheetah-v4,0
535000,reward,535,598.5884168455633,591.376,PPO,HalfCheetah-v4,0
536000,reward,536,712.0778577218945,604.447,PPO,HalfCheetah-v4,0
537000,reward,537,441.3855580208763,597.066,PPO,HalfCheetah-v4,0
538000,reward,538,646.8923863337126,602.266,PPO,HalfCheetah-v4,0
539000,reward,539,579.2117520903066,607.219,PPO,HalfCheetah-v4,0
540000,speed,1171.82,9.15,PPO,HalfCheetah-v4,0
540000,reward,540,647.9415436074522,600.887,PPO,HalfCheetah-v4,0
540672,loss,-0.06742140650749207,0.6841688752174377,PPO,HalfCheetah-v4,0
540672,diagnostics,0.0,37.08,13.0693,0.094007,0.950286,-1.0,-1.0,PPO,HalfCheetah-v4,0
541000,reward,541,548.9424208813729,588.036,PPO,HalfCheetah-v4,0
542000,reward,542,660.1093908701328,600.468,PPO,HalfCheetah-v4,0
543000,reward,543,664.3310719883392,603.945,PPO,HalfCheetah-v4,0
544000,reward,544,656.8136211498113,615.629,PPO,HalfCheetah-v4,0
545000,reward,545,602.1362849977196,615.984,PPO,HalfCheetah-v4,0
546000,reward,546,581.1659173676964,602.893,PPO,HalfCheetah-v4,0
547000,reward,547,657.0169465166979,624.456,PPO,HalfCheetah-v4,0
548000,reward,548,705.9816408671228,630.365,PPO,HalfCheetah-v4,0
548864,loss,-0.14497193694114685,0.6385165452957153,PPO,HalfCheetah-v4,0
549000,reward,549,674.5429632533987,639.898,PPO,HalfCheetah-v4,0
550000,speed,713.08,9.39,PPO,HalfCheetah-v4,0
550000,reward,550,778.8792133187803,652.992,PPO,HalfCheetah-v4,0
551000,reward,551,649.0910500647916,663.007,PPO,HalfCheetah-v4,0
552000,reward,552,579.0645673982007,654.902,PPO,HalfCheetah-v4,0
553000,reward,553,403.37682582711324,628.807,PPO,HalfCheetah-v4,0
554000,reward,554,613.2886210608344,624.454,PPO,HalfCheetah-v4,0
555000,reward,555,655.1810163618177,629.759,PPO,HalfCheetah-v4,0
556000,reward,556,650.126219955281,636.655,PPO,HalfCheetah-v4,0
557000,reward,557,699.6967261807574,640.923,PPO,HalfCheetah-v4,0
557056,loss,0.026998238638043404,0.6206563711166382,PPO,HalfCheetah-v4,0
557056,diagnostics,0.0,37.49,5.4922,0.096153,0.94955,-1.0,-1.0,PPO,HalfCheetah-v4,0
558000,reward,558,669.9265895153787,637.317,PPO,HalfCheetah-v4,0
559000,reward,559,672.6555781569666,637.129,PPO,HalfCheetah-v4,0
560000,speed,1081.22,9.54,PPO,HalfCheetah-v4,0
560000,reward,560,543.9041060239337,613.631,PPO,HalfCheetah-v4,0
561000,reward,561,689.6647584693724,617.689,PPO,HalfCheetah-v4,0
562000,reward,562,650.8549281758808,624.868,PPO,HalfCheetah-v4,0
563000,reward,563,636.7301807049033,648.203,PPO,HalfCheetah-v4,0
564000,reward,564,500.75546977472516,636.95,PPO,HalfCheetah-v4,0
565000,reward,565,778.0139268985647,649.233,PPO,HalfCheetah-v4,0
565248,loss,-0.039836544543504715,0.7866649627685547,PPO,HalfCheetah-v4,0
566000,reward,566,716.3752641996977,655.858,PPO,HalfCheetah-v4,0
567000,reward,567,665.0157518454348,652.39,PPO,HalfCheetah-v4,0
568000,reward,568,735.5983754073188,658.957,PPO,HalfCheetah-v4,0
569000,reward,569,738.4964237222077,665.541,PPO,HalfCheetah-v4,0
570000,speed,1123.82,9.69,PPO,HalfCheetah-v4,0
570000,reward,570,676.5400442748887,678.805,PPO,HalfCheetah-v4,0
571000,reward,571,662.6342193608358,676.101,PPO,HalfCheetah-v4,0
572000,reward,572,683.038127477792,679.32,PPO,HalfCheetah-v4,0
573000,reward,573,602.5380701016156,675.901,PPO,HalfCheetah-v4,0
573440,loss,-0.041554175317287445,0.9952584505081177,PPO,HalfCheetah-v4,0
573440,diagnostics,0.0,37.83,9.7256,0.09777,0.949071,-1.0,-1.0,PPO,HalfCheetah-v4,0
574000,reward,574,769.5994322298843,702.785,PPO,HalfCheetah-v4,0
575000,reward,575,687.548136705534,693.738,PPO,HalfCheetah-v4,0
576000,reward,576,784.7394071519227,700.575,PPO,HalfCheetah-v4,0
577000,reward,577,734.1546126228254,707.489,PPO,HalfCheetah-v4,0
578000,reward,578,711.0470677186789,705.034,PPO,HalfCheetah-v4,0
579000,reward,579,398.317820832837,671.016,PPO,HalfCheetah-v4,0
580000,speed,1099.34,9.84,PPO,HalfCheetah-v4,0
580000,reward,580,735.4601875527311,676.908,PPO,HalfCheetah-v4,0
581000,reward,581,742.7361503278107,684.918,PPO,HalfCheetah-v4,0
581632,loss,-0.06824710965156555,0.5962219834327698,PPO,HalfCheetah-v4,0
582000,reward,582,724.7156113440705,689.086,PPO,HalfCheetah-v4,0
583000,reward,583,713.0521952063239,700.137,PPO,HalfCheetah-v4,0
584000,reward,584,692.6897754167978,692.446,PPO,HalfCheetah-v4,0
585000,reward,585,704.8081201503926,694.172,PPO,HalfCheetah-v4,0
586000,reward,586,693.5626080187619,685.054,PPO,HalfCheetah-v4,0
587000,reward,587,685.7441693060148,680.213,PPO,HalfCheetah-v4,0
588000,reward,588,681.0338427898248,677.212,PPO,HalfCheetah-v4,0
589000,reward,589,597.1019237639025,697.09,PPO,HalfCheetah-v4,0
589824,loss,-0.044616520404815674,0.6046447157859802,PPO,HalfCheetah-v4,0
589824,diagnostics,0.0,38.2,12.3785,0.09951,0.948584,-1.0,-1.0,PPO,HalfCheetah-v4,0
590000,speed,727.15,10.07,PPO,HalfCheetah-v4,0
590000,reward,590,818.2824108546788,705.373,PPO,HalfCheetah-v4,0
591000,reward,591,804.5896764633409,711.558,PPO,HalfCheetah-v4,0
592000,reward,592,557.5536876610045,694.842,PPO,HalfCheetah-v4,0
593000,reward,593,600.1588472269519,683.553,PPO,HalfCheetah-v4,0
594000,reward,594,692.1944093224116,683.503,PPO,HalfCheetah-v4,0
595000,reward,595,849.0216583478569,697.924,PPO,HalfCheetah-v4,0
596000,reward,596,780.4437792559355,706.612,PPO,HalfCheetah-v4,0
597000,reward,597,820.6713385713522,720.105,PPO,HalfCheetah-v4,0
598000,reward,598,814.7591386495304,733.478,PPO,HalfCheetah-v4,0
598016,loss,-0.011508964002132416,0.6313013434410095,PPO,HalfCheetah-v4,0
599000,reward,599,858.0661589932822,759.574,PPO,HalfCheetah-v4,0
600000,speed,1136.58,10.22,PPO,HalfCheetah-v4,0
600000,reward,600,765.373028797073,754.283,PPO,HalfCheetah-v4,0
601000,reward,601,726.3409549344801,746.458,PPO,HalfCheetah-v4,0
602000,reward,602,667.8664290549588,757.49,PPO,HalfCheetah-v4,0
603000,reward,603,801.8858952407837,777.662,PPO,HalfCheetah-v4,0
604000,reward,604,760.159910043523,784.459,PPO,HalfCheetah-v4,0
605000,reward,605,747.685351069708,774.325,PPO,HalfCheetah-v4,0
606000,reward,606,864.3052352667883,782.711,PPO,HalfCheetah-v4,0
606208,loss,-0.03976636379957199,0.7959578037261963,PPO,HalfCheetah-v4,0
606208,diagnostics,0.0,38.52,12.4875,0.100702,0.948348,-1.0,-1.0,PPO,HalfCheetah-v4,0
607000,reward,607,830.8931276838416,783.734,PPO,HalfCheetah-v4,0
608000,reward,608,779.8430700208573,780.242,PPO,HalfCheetah-v4,0
609000,reward,609,779.0545902598916,772.341,PPO,HalfCheetah-v4,0
610000,speed,1118.95,10.37,PPO,HalfCheetah-v4,0
610000,reward,610,751.4803526708624,770.951,PPO,HalfCheetah-v4,0
611000,reward,611,767.7645775078936,775.094,PPO,HalfCheetah-v4,0
612000,reward,612,826.3964876360253,790.947,PPO,HalfCheetah-v4,0
613000,reward,613,816.5103498100326,792.409,PPO,HalfCheetah-v4,0
614000,reward,614,829.5860945219699,799.352,PPO,HalfCheetah-v4,0
614400,loss,-0.04826280474662781,0.6398610472679138,PPO,HalfCheetah-v4,0
615000,reward,615,707.5993304382831,795.343,PPO,HalfCheetah-v4,0
616000,reward,616,772.0163947437889,786.114,PPO,HalfCheetah-v4,0
617000,reward,617,789.4741231646144,781.973,PPO,HalfCheetah-v4,0
618000,reward,618,797.9673047296023,783.785,PPO,HalfCheetah-v4,0
619000,reward,619,855.9434229164566,791.474,PPO,HalfCheetah-v4,0
620000,speed,1078.95,10.52,PPO,HalfCheetah-v4,0
620000,reward,620,723.8294061630975,788.709,PPO,HalfCheetah-v4,0
621000,reward,621,838.4558532430499,795.778,PPO,HalfCheetah-v4,0
622000,reward,622,816.8062493695422,794.819,PPO,HalfCheetah-v4,0
622592,loss,-0.13852521777153015,0.8136758804321289,PPO,HalfCheetah-v4,0
622592,diagnostics,0.0,38.8,11.3252,0.102073,0.947872,-1.0,-1.0,PPO,HalfCheetah-v4,0
623000,reward,623,809.7816804050486,794.146,PPO,HalfCheetah-v4,0
624000,reward,624,867.9635758359855,797.984,PPO,HalfCheetah-v4,0
625000,reward,625,816.129159970637,808.837,PPO,HalfCheetah-v4,0
626000,reward,626,807.419669672354,812.377,PPO,HalfCheetah-v4,0
627000,reward,627,840.0700257772471,817.437,PPO,HalfCheetah-v4,0
628000,reward,628,883.1156141639539,825.951,PPO,HalfCheetah-v4,0
629000,reward,629,802.9213301257151,820.649,PPO,HalfCheetah-v4,0
630000,speed,1118.72,10.67,PPO,HalfCheetah-v4,0
630000,reward,630,833.5881647874996,831.625,PPO,HalfCheetah-v4,0
630784,loss,-0.08665231615304947,0.9439452290534973,PPO,HalfCheetah-v4,0
631000,reward,631,851.4157908208842,832.921,PPO,HalfCheetah-v4,0
632000,reward,632,889.0997033859771,840.15,PPO,HalfCheetah-v4,0
633000,reward,633,797.204781854495,838.893,PPO,HalfCheetah-v4,0
634000,reward,634,712.0463220514573,823.301,PPO,HalfCheetah-v4,0
635000,reward,635,848.6467336313821,826.553,PPO,HalfCheetah-v4,0
636000,reward,636,816.863135499892,827.497,PPO,HalfCheetah-v4,0
637000,reward,637,956.9116841444333,839.181,PPO,HalfCheetah-v4,0
638000,reward,638,868.3950773617364,837.709,PPO,HalfCheetah-v4,0
638976,loss,-0.10868152976036072,0.7844549417495728,PPO,HalfCheetah-v4,0
638976,diagnostics,0.0,39.1,5.415,0.103577,0.947416,-1.0,-1.0,PPO,HalfCheetah-v4,0
639000,reward,639,808.3391493597328,838.251,PPO,HalfCheetah-v4,0
640000,speed,706.43,10.91,PPO,HalfCheetah-v4,0
640000,reward,640,922.8446407532417,847.177,PPO,HalfCheetah-v4,0
641000,reward,641,898.7884195527838,851.914,PPO,HalfCheetah-v4,0
642000,reward,642,823.8647077126343,845.39,PPO,HalfCheetah-v4,0
643000,reward,643,781.2903725337894,843.799,PPO,HalfCheetah-v4,0
644000,reward,644,870.7666402927562,859.671,PPO,HalfCheetah-v4,0
645000,reward,645,883.8482492707705,863.191,PPO,HalfCheetah-v4,0
646000,reward,646,944.5256050214948,875.957,PPO,HalfCheetah-v4,0
647000,reward,647,1008.4819748677245,881.114,PPO,HalfCheetah-v4,0
647168,loss,-0.041108451783657074,0.9001224040985107,PPO,HalfCheetah-v4,0
648000,reward,648,875.7383095751389,881.849,PPO,HalfCheetah-v4,0
649000,reward,649,887.676659083217,889.783,PPO,HalfCheetah-v4,0
650000,speed,1113.28,11.05,PPO,HalfCheetah-v4,0
650000,reward,650,844.9098222212094,881.989,PPO,HalfCheetah-v4,0
651000,reward,651,772.445729880995,869.355,PPO,HalfCheetah-v4,0
652000,reward,652,818.7819428281496,868.847,PPO,HalfCheetah-v4,0
653000,reward,653,848.2642488168415,875.544,PPO,HalfCheetah-v4,0
654000,reward,654,776.2739974532155,866.095,PPO,HalfCheetah-v4,0
655000,reward,655,883.4798669961551,866.058,PPO,HalfCheetah-v4,0
655360,loss,-0.12274667620658875,0.688144326210022,PPO,HalfCheetah-v4,0
655360,diagnostics,0.0,39.42,9.9305,0.104822,0.94712,-1.0,-1.0,PPO,HalfCheetah-v4,0
656000,reward,656,955.045342327342,867.11,PPO,HalfCheetah-v4,0
657000,reward,657,919.7688130471288,858.238,PPO,HalfCheetah-v4,0
658000,reward,658,920.2741893052381,862.692,PPO,HalfCheetah-v4,0
659000,reward,659,928.446220829781,866.769,PPO,HalfCheetah-v4,0
660000,speed,1133.97,11.2,PPO,HalfCheetah-v4,0
660000,reward,660,951.8753036505116,877.466,PPO,HalfCheetah-v4,0
661000,reward,661,912.3205185115302,891.453,PPO,HalfCheetah-v4,0
662000,reward,662,930.7003583361841,902.645,PPO,HalfCheetah-v4,0
663000,reward,663,980.3031735651164,915.849,PPO,HalfCheetah-v4,0
663552,loss,0.05192193388938904,0.8700398206710815,PPO,HalfCheetah-v4,0
664000,reward,664,945.6346087989609,932.785,PPO,HalfCheetah-v4,0
665000,reward,665,945.0659024538061,938.943,PPO,HalfCheetah-v4,0
666000,reward,666,974.5792077887113,940.897,PPO,HalfCheetah-v4,0
667000,reward,667,1018.8337068320989,950.803,PPO,HalfCheetah-v4,0
668000,reward,668,975.5473378797578,956.331,PPO,HalfCheetah-v4,0
669000,reward,669,994.0615070041955,962.892,PPO,HalfCheetah-v4,0
670000,speed,1133.98,11.35,PPO,HalfCheetah-v4,0
670000,reward,670,954.7755882109794,963.182,PPO,HalfCheetah-v4,0
671000,reward,671,935.5699526026141,965.507,PPO,HalfCheetah-v4,0
671744,loss,-0.03247072920203209,0.7834837436676025,PPO,HalfCheetah-v4,0
671744,diagnostics,0.0,39.76,5.5591,0.106088,0.94676,-1.0,-1.0,PPO,HalfCheetah-v4,0
672000,reward,672,903.8758206651725,962.825,PPO,HalfCheetah-v4,0
673000,reward,673,909.5009517409752,955.744,PPO,HalfCheetah-v4,0
674000,reward,674,959.7818031191292,957.159,PPO,HalfCheetah-v4,0
675000,reward,675,977.0771852904315,960.36,PPO,HalfCheetah-v4,0
676000,reward,676,953.6789981434091,958.27,PPO,HalfCheetah-v4,0
677000,reward,677,921.7195505893812,948.559,PPO,HalfCheetah-v4,0
678000,reward,678,896.9067998298566,940.695,PPO,HalfCheetah-v4,0
679000,reward,679,952.1661385875674,936.505,PPO,HalfCheetah-v4,0
679936,loss,-0.0570811964571476,0.6645878553390503,PPO,HalfCheetah-v4,0
680000,speed,714.39,11.58,PPO,HalfCheetah-v4,0
680000,reward,680,905.01291686284,931.529,PPO,HalfCheetah-v4,0
681000,reward,681,936.5712882629148,931.629,PPO,HalfCheetah-v4,0
682000,reward,682,1047.324512825559,945.974,PPO,HalfCheetah-v4,0
683000,reward,683,1000.5318068030292,955.077,PPO,HalfCheetah-v4,0
684000,reward,684,1004.2828621672429,959.527,PPO,HalfCheetah-v4,0
685000,reward,685,974.1412069562464,959.234,PPO,HalfCheetah-v4,0
686000,reward,686,937.5777707363918,957.623,PPO,HalfCheetah-v4,0
687000,reward,687,984.253114113834,963.877,PPO,HalfCheetah-v4,0
688000,reward,688,885.2003511834118,962.706,PPO,HalfCheetah-v4,0
688128,loss,-0.0268440879881382,0.6810538172721863,PPO,HalfCheetah-v4,0
688128,diagnostics,0.0,40.05,8.8513,0.107541,0.946285,-1.0,-1.0,PPO,HalfCheetah-v4,0
689000,reward,689,890.1337229973503,956.503,PPO,HalfCheetah-v4,0
690000,speed,1108.34,11.73,PPO,HalfCheetah-v4,0
690000,reward,690,1024.6480838353204,968.466,PPO,HalfCheetah-v4,0
691000,reward,691,983.6714510219279,973.176,PPO,HalfCheetah-v4,0
692000,reward,692,983.2461889044132,966.769,PPO,HalfCheetah-v4,0
693000,reward,693,1013.5101478658055,968.066,PPO,HalfCheetah-v4,0
694000,reward,694,967.115453717789,964.35,PPO,HalfCheetah-v4,0
695000,reward,695,971.0729589654425,964.043,PPO,HalfCheetah-v4,0
696000,reward,696,917.298216782579,962.015,PPO,HalfCheetah-v4,0
696320,loss,-0.016061080619692802,0.7232882976531982,PPO,HalfCheetah-v4,0
697000,reward,697,819.5415988979079,945.544,PPO,HalfCheetah-v4,0
698000,reward,698,1001.6828875367535,957.192,PPO,HalfCheetah-v4,0
699000,reward,699,1015.1734096696171,969.696,PPO,HalfCheetah-v4,0
700000,speed,1109.54,11.88,PPO,HalfCheetah-v4,0
700000,reward,700,1056.6911806686792,972.9,PPO,HalfCheetah-v4,0
701000,reward,701,988.4264067148206,973.376,PPO,HalfCheetah-v4,0
702000,reward,702,950.3698861645961,970.088,PPO,HalfCheetah-v4,0
703000,reward,703,1004.4698175753598,969.184,PPO,HalfCheetah-v4,0
704000,reward,704,1021.6168414311453,974.634,PPO,HalfCheetah-v4,0
704512,loss,0.02192954532802105,0.9634495973587036,PPO,HalfCheetah-v4,0
704512,diagnostics,0.0,40.34,11.4107,0.108418,0.946091,-1.0,-1.0,PPO,HalfCheetah-v4,0
705000,reward,705,1025.0162012405222,980.029,PPO,HalfCheetah-v4,0
706000,reward,706,981.3733070449082,986.436,PPO,HalfCheetah-v4,0
707000,reward,707,936.1252214846133,998.095,PPO,HalfCheetah-v4,0
708000,reward,708,1028.096617002744,1000.736,PPO,HalfCheetah-v4,0
709000,reward,709,1050.4696792213635,1004.266,PPO,HalfCheetah-v4,0
710000,speed,1105.84,12.03,PPO,HalfCheetah-v4,0
710000,reward,710,951.212233202355,993.718,PPO,HalfCheetah-v4,0
711000,reward,711,982.2886285323287,993.104,PPO,HalfCheetah-v4,0
712000,reward,712,1011.558897943893,999.223,PPO,HalfCheetah-v4,0
712704,loss,0.006307177245616913,0.8179694414138794,PPO,HalfCheetah-v4,0
713000,reward,713,932.475457154592,992.023,PPO,HalfCheetah-v4,0
714000,reward,714,980.8437579167482,987.946,PPO,HalfCheetah-v4,0
715000,reward,715,1002.2423196122008,985.669,PPO,HalfCheetah-v4,0
716000,reward,716,969.0991061359948,984.441,PPO,HalfCheetah-v4,0
717000,reward,717,1080.7202850323588,998.901,PPO,HalfCheetah-v4,0
718000,reward,718,1016.1330980959058,997.704,PPO,HalfCheetah-v4,0
719000,reward,719,1063.1463861000968,998.972,PPO,HalfCheetah-v4,0
720000,speed,1124.63,12.18,PPO,HalfCheetah-v4,0
720000,reward,720,1000.3989928638873,1003.891,PPO,HalfCheetah-v4,0
720896,loss,0.054974645376205444,0.773039698600769,PPO,HalfCheetah-v4,0
720896,diagnostics,0.0,40.61,5.4194,0.109288,0.945972,-1.0,-1.0,PPO,HalfCheetah-v4,0
721000,reward,721,839.9880042082475,989.661,PPO,HalfCheetah-v4,0
722000,reward,722,954.4767079474715,983.952,PPO,HalfCheetah-v4,0
723000,reward,723,1070.3225305576557,997.737,PPO,HalfCheetah-v4,0
724000,reward,724,980.9831064140701,997.751,PPO,HalfCheetah-v4,0
725000,reward,725,1049.0869520927795,1002.436,PPO,HalfCheetah-v4,0
726000,reward,726,1021.495561804767,1007.675,PPO,HalfCheetah-v4,0
727000,reward,727,977.9071692440862,997.394,PPO,HalfCheetah-v4,0
728000,reward,728,1054.839228639066,1001.264,PPO,HalfCheetah-v4,0
729000,reward,729,855.8509263288338,980.535,PPO,HalfCheetah-v4,0
729088,loss,0.02284192107617855,0.7942159175872803,PPO,HalfCheetah-v4,0
730000,speed,739.48,12.41,PPO,HalfCheetah-v4,0
730000,reward,730,1081.2429618789315,988.619,PPO,HalfCheetah-v4,0
731000,reward,731,1059.2451604096634,1010.545,PPO,HalfCheetah-v4,0
732000,reward,732,1049.633139814127,1020.061,PPO,HalfCheetah-v4,0
733000,reward,733,1064.2137367368082,1019.45,PPO,HalfCheetah-v4,0
734000,reward,734,1054.976671275131,1026.849,PPO,HalfCheetah-v4,0
735000,reward,735,1015.2470733177975,1023.465,PPO,HalfCheetah-v4,0
736000,reward,736,1003.0635872691557,1021.622,PPO,HalfCheetah-v4,0
737000,reward,737,1015.1410240370221,1025.345,PPO,HalfCheetah-v4,0
737280,loss,-0.047590360045433044,0.9513300657272339,PPO,HalfCheetah-v4,0
737280,diagnostics,0.0,40.92,15.6459,0.110647,0.945539,-1.0,-1.0,PPO,HalfCheetah-v4,0
738000,reward,738,939.7242797329667,1013.834,PPO,HalfCheetah-v4,0
739000,reward,739,1013.6416342455245,1029.613,PPO,HalfCheetah-v4,0
740000,speed,1113.81,12.56,PPO,HalfCheetah-v4,0
740000,reward,740,1046.918618642194,1026.18,PPO,HalfCheetah-v4,0
741000,reward,741,1095.9565181223084,1029.852,PPO,HalfCheetah-v4,0
742000,reward,742,1080.3896604937058,1032.927,PPO,HalfCheetah-v4,0
743000,reward,743,1035.7910990579448,1030.085,PPO,HalfCheetah-v4,0
744000,reward,744,1072.918936652753,1031.879,PPO,HalfCheetah-v4,0
745000,reward,745,906.889227110594,1021.043,PPO,HalfCheetah-v4,0
745472,loss,-0.029377806931734085,0.8911823034286499,PPO,HalfCheetah-v4,0
746000,reward,746,1060.5454960339173,1026.792,PPO,HalfCheetah-v4,0
747000,reward,747,982.31648750941,1023.509,PPO,HalfCheetah-v4,0
748000,reward,748,1060.4168914185786,1035.578,PPO,HalfCheetah-v4,0
749000,reward,749,1165.3385811092646,1050.748,PPO,HalfCheetah-v4,0
750000,speed,1151.28,12.7,PPO,HalfCheetah-v4,0
750000,reward,750,1032.6912413110263,1049.325,PPO,HalfCheetah-v4,0
751000,reward,751,1130.2564668044943,1052.755,PPO,HalfCheetah-v4,0
752000,reward,752,1022.9745487979683,1047.014,PPO,HalfCheetah-v4,0
753000,reward,753,1053.7386973426292,1048.809,PPO,HalfCheetah-v4,0
753664,loss,0.034653544425964355,0.9671694040298462,PPO,HalfCheetah-v4,0
753664,diagnostics,0.0,41.23,7.5976,0.111816,0.945237,-1.0,-1.0,PPO,HalfCheetah-v4,0
754000,reward,754,1122.0718755739786,1053.724,PPO,HalfCheetah-v4,0
755000,reward,755,1108.2990120043592,1073.865,PPO,HalfCheetah-v4,0
756000,reward,756,1087.6750844562282,1076.578,PPO,HalfCheetah-v4,0
757000,reward,757,1089.674980496285,1087.314,PPO,HalfCheetah-v4,0
758000,reward,758,1189.5783135411525,1100.23,PPO,HalfCheetah-v4,0
759000,reward,759,1089.2947968617082,1092.626,PPO,HalfCheetah-v4,0
760000,speed,1103.8,12.85,PPO,HalfCheetah-v4,0
760000,reward,760,1120.643586545285,1101.421,PPO,HalfCheetah-v4,0
761000,reward,761,1102.8429905621845,1098.679,PPO,HalfCheetah-v4,0
761856,loss,-0.017707549035549164,0.5501381158828735,PPO,HalfCheetah-v4,0
762000,reward,762,868.3980968469473,1083.222,PPO,HalfCheetah-v4,0
763000,reward,763,1069.757136274275,1084.824,PPO,HalfCheetah-v4,0
764000,reward,764,1098.0112363846456,1082.418,PPO,HalfCheetah-v4,0
765000,reward,765,1041.3183617423533,1075.719,PPO,HalfCheetah-v4,0
766000,reward,766,1005.9471916911749,1067.547,PPO,HalfCheetah-v4,0
767000,reward,767,1057.3419357565647,1064.313,PPO,HalfCheetah-v4,0
768000,reward,768,1129.7554886586272,1058.331,PPO,HalfCheetah-v4,0
769000,reward,769,966.1562749216254,1046.017,PPO,HalfCheetah-v4,0
770000,speed,1157.73,13.0,PPO,HalfCheetah-v4,0
770000,reward,770,1049.8431151985567,1038.937,PPO,HalfCheetah-v4,0
770048,loss,-0.008721745572984219,0.8308777809143066,PPO,HalfCheetah-v4,0
770048,diagnostics,0.0,41.54,8.0755,0.113182,0.944823,-1.0,-1.0,PPO,HalfCheetah-v4,0
771000,reward,771,1167.9740716729436,1045.45,PPO,HalfCheetah-v4,0
772000,reward,772,1175.1602895331625,1076.127,PPO,HalfCheetah-v4,0
773000,reward,773,1106.817178241319,1079.833,PPO,HalfCheetah-v4,0
774000,reward,774,1100.4629089715322,1080.078,PPO,HalfCheetah-v4,0
775000,reward,775,1004.7843682166172,1076.424,PPO,HalfCheetah-v4,0
776000,reward,776,1190.1397556786087,1094.844,PPO,HalfCheetah-v4,0
777000,reward,777,1084.1078177221768,1097.52,PPO,HalfCheetah-v4,0
778000,reward,778,1037.0719245708087,1088.252,PPO,HalfCheetah-v4,0
778240,loss,-0.06228774040937424,0.6046326756477356,PPO,HalfCheetah-v4,0
779000,reward,779,1046.8105038869692,1096.317,PPO,HalfCheetah-v4,0
780000,speed,748.11,13.22,PPO,HalfCheetah-v4,0
780000,reward,780,1079.056883597833,1099.239,PPO,HalfCheetah-v4,0
781000,reward,781,1161.9818015123265,1098.639,PPO,HalfCheetah-v4,0
782000,reward,782,1098.9028749587183,1091.014,PPO,HalfCheetah-v4,0
783000,reward,783,1006.8073415173619,1081.013,PPO,HalfCheetah-v4,0
784000,reward,784,1138.014294910448,1084.768,PPO,HalfCheetah-v4,0
785000,reward,785,1080.2724358449543,1092.317,PPO,HalfCheetah-v4,0
786000,reward,786,1165.002677165775,1089.803,PPO,HalfCheetah-v4,0
786432,loss,-0.012621225789189339,0.7856483459472656,PPO,HalfCheetah-v4,0
786432,diagnostics,0.0,41.86,17.0977,0.114389,0.94449,-1.0,-1.0,PPO,HalfCheetah-v4,0
787000,reward,787,1110.9147308470247,1092.484,PPO,HalfCheetah-v4,0
788000,reward,788,1045.4330419095795,1093.32,PPO,HalfCheetah-v4,0
789000,reward,789,1193.3097624421343,1107.97,PPO,HalfCheetah-v4,0
790000,speed,1135.39,13.37,PPO,HalfCheetah-v4,0
790000,reward,790,965.0342739060338,1096.567,PPO,HalfCheetah-v4,0
791000,reward,791,1139.9221547756965,1094.361,PPO,HalfCheetah-v4,0
792000,reward,792,1086.940428330325,1093.165,PPO,HalfCheetah-v4,0
793000,reward,793,1027.2191343712107,1095.206,PPO,HalfCheetah-v4,0
794000,reward,794,1182.7551781328216,1099.68,PPO,HalfCheetah-v4,0
794624,loss,-0.027424881234765053,0.5285987257957458,PPO,HalfCheetah-v4,0
795000,reward,795,1138.3348613182945,1105.487,PPO,HalfCheetah-v4,0
796000,reward,796,1149.1409565932727,1103.9,PPO,HalfCheetah-v4,0
797000,reward,797,1236.487160936682,1116.458,PPO,HalfCheetah-v4,0
798000,reward,798,1189.375698586854,1130.852,PPO,HalfCheetah-v4,0
799000,reward,799,1163.4028153474346,1127.861,PPO,HalfCheetah-v4,0
800000,speed,1119.78,13.51,PPO,HalfCheetah-v4,0
800000,reward,800,1165.290811094508,1147.887,PPO,HalfCheetah-v4,0
801000,reward,801,1118.5213324176757,1145.747,PPO,HalfCheetah-v4,0
802000,reward,802,1111.9439463771155,1148.247,PPO,HalfCheetah-v4,0
802816,loss,-0.061368782073259354,0.9461833834648132,PPO,HalfCheetah-v4,0
802816,diagnostics,0.0,42.21,12.2376,0.115926,0.944011,-1.0,-1.0,PPO,HalfCheetah-v4,0
803000,reward,803,1185.96315497223,1164.122,PPO,HalfCheetah-v4,0
804000,reward,804,1136.626527677477,1159.509,PPO,HalfCheetah-v4,0
805000,reward,805,1180.086429507927,1163.684,PPO,HalfCheetah-v4,0
806000,reward,806,1238.4733856908726,1172.617,PPO,HalfCheetah-v4,0
807000,reward,807,1085.4622148860524,1157.515,PPO,HalfCheetah-v4,0
808000,reward,808,1192.394885972476,1157.817,PPO,HalfCheetah-v4,0
809000,reward,809,1211.4827424294624,1162.625,PPO,HalfCheetah-v4,0
810000,speed,1121.72,13.66,PPO,HalfCheetah-v4,0
810000,reward,810,1165.8800392435783,1162.683,PPO,HalfCheetah-v4,0
811000,reward,811,1189.6300814113865,1169.794,PPO,HalfCheetah-v4,0
811008,loss,-0.03003070130944252,1.0167137384414673,PPO,HalfCheetah-v4,0
812000,reward,812,1201.288386500222,1178.729,PPO,HalfCheetah-v4,0
813000,reward,813,1138.208817673609,1173.953,PPO,HalfCheetah-v4,0
814000,reward,814,1203.5155447452762,1180.642,PPO,HalfCheetah-v4,0
815000,reward,815,822.4455106975439,1144.878,PPO,HalfCheetah-v4,0
816000,reward,816,1149.9448305250187,1136.025,PPO,HalfCheetah-v4,0
817000,reward,817,1236.512329844209,1151.13,PPO,HalfCheetah-v4,0
818000,reward,818,1161.7832308728548,1148.069,PPO,HalfCheetah-v4,0
819000,reward,819,1213.6173051395074,1148.283,PPO,HalfCheetah-v4,0
819200,loss,-0.02570200338959694,0.5112978219985962,PPO,HalfCheetah-v4,0
819200,diagnostics,0.0,42.5,11.0339,0.116619,0.9439,-1.0,-1.0,PPO,HalfCheetah-v4,0
820000,speed,733.36,13.89,PPO,HalfCheetah-v4,0
820000,reward,820,1222.5156753291399,1153.946,PPO,HalfCheetah-v4,0
821000,reward,821,1208.740289726334,1155.857,PPO,HalfCheetah-v4,0
822000,reward,822,1193.938530949163,1155.122,PPO,HalfCheetah-v4,0
823000,reward,823,1224.584308712295,1163.76,PPO,HalfCheetah-v4,0
824000,reward,824,1073.614613075641,1150.77,PPO,HalfCheetah-v4,0
825000,reward,825,1157.6210404359633,1184.287,PPO,HalfCheetah-v4,0
826000,reward,826,1217.1474660697124,1191.007,PPO,HalfCheetah-v4,0
827000,reward,827,1201.4866819361268,1187.505,PPO,HalfCheetah-v4,0
827392,loss,-0.1426413208246231,0.6531791687011719,PPO,HalfCheetah-v4,0
828000,reward,828,1251.5882235650174,1196.485,PPO,HalfCheetah-v4,0
829000,reward,829,1252.145466994126,1200.338,PPO,HalfCheetah-v4,0
830000,speed,1086.01,14.04,PPO,HalfCheetah-v4,0
830000,reward,830,1226.6883375807324,1200.755,PPO,HalfCheetah-v4,0
831000,reward,831,1225.0151235930111,1202.383,PPO,HalfCheetah-v4,0
832000,reward,832,1228.7310813186896,1205.862,PPO,HalfCheetah-v4,0
833000,reward,833,1227.366833600011,1206.14,PPO,HalfCheetah-v4,0
834000,reward,834,1232.8100193757316,1222.06,PPO,HalfCheetah-v4,0
835000,reward,835,1161.4176532908557,1222.44,PPO,HalfCheetah-v4,0
835584,loss,-0.09087801724672318,0.7168416976928711,PPO,HalfCheetah-v4,0
835584,diagnostics,0.0,42.75,14.5988,0.117566,0.943623,-1.0,-1.0,PPO,HalfCheetah-v4,0
836000,reward,836,1201.6792839366235,1220.893,PPO,HalfCheetah-v4,0
837000,reward,837,1229.4263388041436,1223.687,PPO,HalfCheetah-v4,0
838000,reward,838,1184.7677722471697,1217.005,PPO,HalfCheetah-v4,0
839000,reward,839,1195.3645056644273,1211.327,PPO,HalfCheetah-v4,0
840000,speed,1161.91,14.19,PPO,HalfCheetah-v4,0
840000,reward,840,1265.6004442873318,1215.218,PPO,HalfCheetah-v4,0
841000,reward,841,1211.6585651177347,1213.882,PPO,HalfCheetah-v4,0
842000,reward,842,1226.2158148535145,1213.631,PPO,HalfCheetah-v4,0
843000,reward,843,1216.6729641848901,1212.561,PPO,HalfCheetah-v4,0
843776,loss,-0.025637388229370117,0.7112436294555664,PPO,HalfCheetah-v4,0
844000,reward,844,1046.0484395025703,1193.885,PPO,HalfCheetah-v4,0
845000,reward,845,1195.8801474941702,1197.331,PPO,HalfCheetah-v4,0
846000,reward,846,1215.6365989450317,1198.727,PPO,HalfCheetah-v4,0
847000,reward,847,1198.1357791103446,1195.598,PPO,HalfCheetah-v4,0
848000,reward,848,1120.9800715535453,1189.219,PPO,HalfCheetah-v4,0
849000,reward,849,1239.3862752974749,1193.622,PPO,HalfCheetah-v4,0
850000,speed,1126.33,14.34,PPO,HalfCheetah-v4,0
850000,reward,850,1210.3217272134555,1188.094,PPO,HalfCheetah-v4,0
851000,reward,851,1232.8230478753676,1190.21,PPO,HalfCheetah-v4,0
851968,loss,-0.04867348447442055,0.8003917336463928,PPO,HalfCheetah-v4,0
851968,diagnostics,0.0,43.05,13.3141,0.118663,0.943274,-1.0,-1.0,PPO,HalfCheetah-v4,0
852000,reward,852,1269.3664736036524,1194.525,PPO,HalfCheetah-v4,0
853000,reward,853,1196.288451110602,1192.487,PPO,HalfCheetah-v4,0
854000,reward,854,1268.0429120883969,1214.686,PPO,HalfCheetah-v4,0
855000,reward,855,1263.9440442818498,1221.493,PPO,HalfCheetah-v4,0
856000,reward,856,1268.739476067628,1226.803,PPO,HalfCheetah-v4,0
857000,reward,857,1325.406737531225,1239.53,PPO,HalfCheetah-v4,0
858000,reward,858,826.8888613751767,1210.121,PPO,HalfCheetah-v4,0
859000,reward,859,1259.6742394157645,1212.15,PPO,HalfCheetah-v4,0
860000,speed,1134.81,14.48,PPO,HalfCheetah-v4,0
860000,reward,860,1230.3545278794484,1214.153,PPO,HalfCheetah-v4,0
860160,loss,-0.009418981149792671,0.6312856674194336,PPO,HalfCheetah-v4,0
861000,reward,861,1244.4838887913752,1215.319,PPO,HalfCheetah-v4,0
862000,reward,862,1246.8039615472926,1213.063,PPO,HalfCheetah-v4,0
863000,reward,863,1351.284880088232,1228.562,PPO,HalfCheetah-v4,0
864000,reward,864,1179.2842102984641,1219.686,PPO,HalfCheetah-v4,0
865000,reward,865,1246.9139116221484,1217.983,PPO,HalfCheetah-v4,0
866000,reward,866,1204.3558417000688,1211.545,PPO,HalfCheetah-v4,0
867000,reward,867,1269.1809351779698,1205.923,PPO,HalfCheetah-v4,0
868000,reward,868,1223.1114570191764,1245.545,PPO,HalfCheetah-v4,0
868352,loss,0.07424110919237137,1.006304144859314,PPO,HalfCheetah-v4,0
868352,diagnostics,0.0,43.31,11.4722,0.11971,0.942929,-1.0,-1.0,PPO,HalfCheetah-v4,0
869000,reward,869,1220.11419120619,1241.589,PPO,HalfCheetah-v4,0
870000,speed,732.05,14.71,PPO,HalfCheetah-v4,0
870000,reward,870,1257.653044007126,1244.319,PPO,HalfCheetah-v4,0
871000,reward,871,1185.8126698724814,1238.452,PPO,HalfCheetah-v4,0
872000,reward,872,1293.516563858559,1243.123,PPO,HalfCheetah-v4,0
873000,reward,873,1164.2787747937969,1224.422,PPO,HalfCheetah-v4,0
874000,reward,874,1245.7874805556621,1231.072,PPO,HalfCheetah-v4,0
875000,reward,875,1283.9140937326372,1234.773,PPO,HalfCheetah-v4,0
876000,reward,876,1219.7783227855941,1236.315,PPO,HalfCheetah-v4,0
876544,loss,-0.05600179359316826,0.6534008383750916,PPO,HalfCheetah-v4,0
877000,reward,877,1251.6898094416626,1234.566,PPO,HalfCheetah-v4,0
878000,reward,878,1246.8814883650505,1236.943,PPO,HalfCheetah-v4,0
879000,reward,879,1258.5499228130354,1240.786,PPO,HalfCheetah-v4,0
880000,speed,1123.81,14.86,PPO,HalfCheetah-v4,0
880000,reward,880,1129.7534558783698,1227.996,PPO,HalfCheetah-v4,0
881000,reward,881,1180.8800050899918,1227.503,PPO,HalfCheetah-v4,0
882000,reward,882,1235.5920184123531,1221.711,PPO,HalfCheetah-v4,0
883000,reward,883,1316.9805487382607,1236.981,PPO,HalfCheetah-v4,0
884000,reward,884,1200.5492981642064,1232.457,PPO,HalfCheetah-v4,0
884736,loss,-0.059149712324142456,0.8411319255828857,PPO,HalfCheetah-v4,0
884736,diagnostics,0.0,43.62,32.6347,0.120698,0.942693,-1.0,-1.0,PPO,HalfCheetah-v4,0
885000,reward,885,1321.4873771590014,1236.214,PPO,HalfCheetah-v4,0
886000,reward,886,1341.8385835954366,1248.42,PPO,HalfCheetah-v4,0
887000,reward,887,1314.7537691277598,1254.727,PPO,HalfCheetah-v4,0
888000,reward,888,1295.8043188736863,1259.619,PPO,HalfCheetah-v4,0
889000,reward,889,1309.196214158355,1264.684,PPO,HalfCheetah-v4,0
890000,speed,1097.15,15.01,PPO,HalfCheetah-v4,0
890000,reward,890,1254.804244799157,1277.189,PPO,HalfCheetah-v4,0
891000,reward,891,1267.1937628597536,1285.82,PPO,HalfCheetah-v4,0
892000,reward,892,1240.087581558802,1286.27,PPO,HalfCheetah-v4,0
892928,loss,-0.04500840604305267,1.0895988941192627,PPO,HalfCheetah-v4,0
893000,reward,893,1224.589034105188,1277.03,PPO,HalfCheetah-v4,0
894000,reward,894,1319.2723383500474,1288.903,PPO,HalfCheetah-v4,0
895000,reward,895,1260.8146903810662,1282.835,PPO,HalfCheetah-v4,0
896000,reward,896,1194.0040329215758,1268.052,PPO,HalfCheetah-v4,0
897000,reward,897,1266.9295403099827,1263.27,PPO,HalfCheetah-v4,0
898000,reward,898,1341.6860599996326,1267.858,PPO,HalfCheetah-v4,0
899000,reward,899,1311.1601751571056,1268.054,PPO,HalfCheetah-v4,0
900000,speed,1151.61,15.15,PPO,HalfCheetah-v4,0
900000,reward,900,1325.9064814056355,1275.164,PPO,HalfCheetah-v4,0
901000,reward,901,1322.560040889591,1280.701,PPO,HalfCheetah-v4,0
901120,loss,-0.08296159654855728,0.8626728653907776,PPO,HalfCheetah-v4,0
901120,diagnostics,0.0,43.88,20.038,0.121646,0.942408,-1.0,-1.0,PPO,HalfCheetah-v4,0
902000,reward,902,1210.215264876905,1277.714,PPO,HalfCheetah-v4,0
903000,reward,903,1207.394723212879,1275.994,PPO,HalfCheetah-v4,0
904000,reward,904,1222.7465236068929,1266.342,PPO,HalfCheetah-v4,0
905000,reward,905,1308.8516855932987,1271.145,PPO,HalfCheetah-v4,0
906000,reward,906,1280.6485842365719,1279.81,PPO,HalfCheetah-v4,0
907000,reward,907,1305.5850882513848,1283.675,PPO,HalfCheetah-v4,0
908000,reward,908,1253.3636727834053,1274.843,PPO,HalfCheetah-v4,0
909000,reward,909,1274.163556818729,1271.144,PPO,HalfCheetah-v4,0
909312,loss,-0.05915406346321106,0.5118222236633301,PPO,HalfCheetah-v4,0
910000,speed,733.5,15.38,PPO,HalfCheetah-v4,0
910000,reward,910,1142.3620471036777,1252.789,PPO,HalfCheetah-v4,0
911000,reward,911,1203.9743471846793,1240.931,PPO,HalfCheetah-v4,0
912000,reward,912,1291.1078366482343,1249.02,PPO,HalfCheetah-v4,0
913000,reward,913,1376.5130498538101,1265.932,PPO,HalfCheetah-v4,0
914000,reward,914,1290.2772360697,1272.685,PPO,HalfCheetah-v4,0
915000,reward,915,1322.9685823242353,1274.096,PPO,HalfCheetah-v4,0
916000,reward,916,1217.5201630491354,1267.784,PPO,HalfCheetah-v4,0
917000,reward,917,1276.171239881576,1264.842,PPO,HalfCheetah-v4,0
917504,loss,-0.09425170719623566,0.6252313256263733,PPO,HalfCheetah-v4,0
917504,diagnostics,0.0,44.2,17.3836,0.122837,0.942015,-1.0,-1.0,PPO,HalfCheetah-v4,0
918000,reward,918,1338.3041905691978,1273.336,PPO,HalfCheetah-v4,0
919000,reward,919,1269.107722886794,1272.831,PPO,HalfCheetah-v4,0
920000,speed,1135.19,15.53,PPO,HalfCheetah-v4,0
920000,reward,920,1309.103009679508,1289.505,PPO,HalfCheetah-v4,0
921000,reward,921,1322.8977508283053,1301.397,PPO,HalfCheetah-v4,0
922000,reward,922,1290.671515997756,1301.353,PPO,HalfCheetah-v4,0
923000,reward,923,1192.8648707822565,1282.989,PPO,HalfCheetah-v4,0
924000,reward,924,1296.5488415739137,1283.616,PPO,HalfCheetah-v4,0
925000,reward,925,1293.3867132888329,1280.658,PPO,HalfCheetah-v4,0
925696,loss,-0.07436008006334305,0.7648643851280212,PPO,HalfCheetah-v4,0
926000,reward,926,1317.0790654942666,1290.613,PPO,HalfCheetah-v4,0
927000,reward,927,1311.4968865687995,1294.146,PPO,HalfCheetah-v4,0
928000,reward,928,1267.3248100201386,1287.048,PPO,HalfCheetah-v4,0
929000,reward,929,1249.1463854707256,1285.052,PPO,HalfCheetah-v4,0
930000,speed,1196.19,15.67,PPO,HalfCheetah-v4,0
930000,reward,930,1364.7695179437585,1290.619,PPO,HalfCheetah-v4,0
931000,reward,931,1299.1808285892416,1288.247,PPO,HalfCheetah-v4,0
932000,reward,932,1347.425527134797,1293.922,PPO,HalfCheetah-v4,0
933000,reward,933,1283.5458189096182,1302.99,PPO,HalfCheetah-v4,0
933888,loss,-0.07480163872241974,0.9351781606674194,PPO,HalfCheetah-v4,0
933888,diagnostics,0.0,44.49,11.0273,0.124027,0.941651,-1.0,-1.0,PPO,HalfCheetah-v4,0
934000,reward,934,1344.0635323532147,1307.742,PPO,HalfCheetah-v4,0
935000,reward,935,1286.7753821129436,1307.081,PPO,HalfCheetah-v4,0
936000,reward,936,1307.2866267998772,1306.102,PPO,HalfCheetah-v4,0
937000,reward,937,1295.026379004112,1304.454,PPO,HalfCheetah-v4,0
938000,reward,938,1343.4342673641254,1312.065,PPO,HalfCheetah-v4,0
939000,reward,939,1205.2391453473213,1307.675,PPO,HalfCheetah-v4,0
940000,speed,1119.42,15.82,PPO,HalfCheetah-v4,0
940000,reward,940,1210.0341864781838,1292.201,PPO,HalfCheetah-v4,0
941000,reward,941,1349.7360512495445,1297.257,PPO,HalfCheetah-v4,0
942000,reward,942,1363.66401769831,1298.881,PPO,HalfCheetah-v4,0
942080,loss,-0.15618562698364258,0.7123845219612122,PPO,HalfCheetah-v4,0
943000,reward,943,1328.9858067017285,1303.425,PPO,HalfCheetah-v4,0
944000,reward,944,1301.1643399389086,1299.135,PPO,HalfCheetah-v4,0
945000,reward,945,1285.4583413878072,1299.003,PPO,HalfCheetah-v4,0
946000,reward,946,1320.1574943805629,1300.29,PPO,HalfCheetah-v4,0
947000,reward,947,1098.5064300353363,1280.638,PPO,HalfCheetah-v4,0
948000,reward,948,1345.6955253598753,1280.864,PPO,HalfCheetah-v4,0
949000,reward,949,1335.6183701519467,1293.902,PPO,HalfCheetah-v4,0
950000,speed,1119.4,15.97,PPO,HalfCheetah-v4,0
950000,reward,950,1289.1020004833874,1301.809,PPO,HalfCheetah-v4,0
950272,loss,-0.05657011643052101,0.6531977653503418,PPO,HalfCheetah-v4,0
950272,diagnostics,0.0,44.78,16.396,0.125225,0.941247,-1.0,-1.0,PPO,HalfCheetah-v4,0
951000,reward,951,1359.165867063853,1302.752,PPO,HalfCheetah-v4,0
952000,reward,952,1306.157634668517,1297.001,PPO,HalfCheetah-v4,0
953000,reward,953,1417.7700933198357,1305.88,PPO,HalfCheetah-v4,0
954000,reward,954,1366.0092112430714,1312.364,PPO,HalfCheetah-v4,0
955000,reward,955,1362.1762395152,1320.036,PPO,HalfCheetah-v4,0
956000,reward,956,1265.8668026949363,1314.607,PPO,HalfCheetah-v4,0
957000,reward,957,1404.3584217945731,1345.192,PPO,HalfCheetah-v4,0
958000,reward,958,1386.5407193168721,1349.277,PPO,HalfCheetah-v4,0
958464,loss,0.13363581895828247,1.1276614665985107,PPO,HalfCheetah-v4,0
959000,reward,959,1345.3819193908157,1350.253,PPO,HalfCheetah-v4,0
960000,speed,747.39,16.19,PPO,HalfCheetah-v4,0
960000,reward,960,1336.2945514575774,1354.972,PPO,HalfCheetah-v4,0
961000,reward,961,1375.4804580214777,1356.604,PPO,HalfCheetah-v4,0
962000,reward,962,1351.999536361822,1361.188,PPO,HalfCheetah-v4,0
963000,reward,963,1340.7786899064324,1353.489,PPO,HalfCheetah-v4,0
964000,reward,964,1278.1780648023262,1344.706,PPO,HalfCheetah-v4,0
965000,reward,965,1345.665946757323,1343.055,PPO,HalfCheetah-v4,0
966000,reward,966,1341.2172319524207,1350.59,PPO,HalfCheetah-v4,0
966656,loss,-0.017273087054491043,0.6811795830726624,PPO,HalfCheetah-v4,0
966656,diagnostics,0.0,45.0,35.4713,0.126031,0.940992,-1.0,-1.0,PPO,HalfCheetah-v4,0
967000,reward,967,1342.7327428863887,1344.427,PPO,HalfCheetah-v4,0
968000,reward,968,1395.4009968797045,1345.313,PPO,HalfCheetah-v4,0
969000,reward,969,896.6557005192985,1300.44,PPO,HalfCheetah-v4,0
970000,speed,1106.31,16.34,PPO,HalfCheetah-v4,0
970000,reward,970,1266.570545544677,1293.468,PPO,HalfCheetah-v4,0
971000,reward,971,1219.032290944791,1277.823,PPO,HalfCheetah-v4,0
972000,reward,972,1329.5425446807274,1275.577,PPO,HalfCheetah-v4,0
973000,reward,973,1323.83989361561,1273.884,PPO,HalfCheetah-v4,0
974000,reward,974,1300.5108439133887,1276.117,PPO,HalfCheetah-v4,0
974848,loss,-0.04760534688830376,0.658717155456543,PPO,HalfCheetah-v4,0
975000,reward,975,1306.297845985001,1272.18,PPO,HalfCheetah-v4,0
976000,reward,976,1375.6001269233816,1275.618,PPO,HalfCheetah-v4,0
977000,reward,977,1406.7922471920967,1282.024,PPO,HalfCheetah-v4,0
978000,reward,978,1327.4847476058305,1275.233,PPO,HalfCheetah-v4,0
979000,reward,979,1290.5116817489466,1314.618,PPO,HalfCheetah-v4,0
980000,speed,1133.46,16.49,PPO,HalfCheetah-v4,0
980000,reward,980,1355.924704291429,1323.554,PPO,HalfCheetah-v4,0
981000,reward,981,1387.9436783167964,1340.445,PPO,HalfCheetah-v4,0
982000,reward,982,1291.6580864247933,1336.656,PPO,HalfCheetah-v4,0
983000,reward,983,1378.6911075244416,1342.142,PPO,HalfCheetah-v4,0
983040,loss,-0.12565569579601288,0.8724457621574402,PPO,HalfCheetah-v4,0
983040,diagnostics,0.0,45.28,14.693,0.12669,0.940875,-1.0,-1.0,PPO,HalfCheetah-v4,0
984000,reward,984,1327.2781040656196,1344.818,PPO,HalfCheetah-v4,0
985000,reward,985,1251.6090355423503,1339.349,PPO,HalfCheetah-v4,0
986000,reward,986,1375.1819416620199,1339.308,PPO,HalfCheetah-v4,0
987000,reward,987,1355.2652985992506,1334.155,PPO,HalfCheetah-v4,0
988000,reward,988,1439.8483859665512,1345.391,PPO,HalfCheetah-v4,0
989000,reward,989,1358.0678155379073,1352.147,PPO,HalfCheetah-v4,0
990000,speed,1123.01,16.64,PPO,HalfCheetah-v4,0
990000,reward,990,1382.7565895290156,1354.83,PPO,HalfCheetah-v4,0
991000,reward,991,1408.7442820788021,1356.91,PPO,HalfCheetah-v4,0
991232,loss,0.011651620268821716,0.7335811853408813,PPO,HalfCheetah-v4,0
992000,reward,992,1359.1990499054798,1363.664,PPO,HalfCheetah-v4,0
993000,reward,993,1389.4847441843663,1364.744,PPO,HalfCheetah-v4,0
994000,reward,994,1364.3142783329533,1368.447,PPO,HalfCheetah-v4,0
995000,reward,995,1317.406155257382,1375.027,PPO,HalfCheetah-v4,0
996000,reward,996,1306.5620440278615,1368.165,PPO,HalfCheetah-v4,0
997000,reward,997,1389.9113346881304,1371.629,PPO,HalfCheetah-v4,0
998000,reward,998,1412.1760112385427,1368.862,PPO,HalfCheetah-v4,0
999000,reward,999,1402.2099274580276,1373.276,PPO,HalfCheetah-v4,0
999424,loss,-0.10174182057380676,0.8754883408546448,PPO,HalfCheetah-v4,0
999424,diagnostics,0.0,45.58,11.5912,0.127528,0.940686,-1.0,-1.0,PPO,HalfCheetah-v4,0
1000000,speed,733.09,16.86,PPO,HalfCheetah-v4,0
1000000,reward,1000,1348.057040355537,1369.806,PPO,HalfCheetah-v4,0
