step,tag
1000,reward,1,-692.0223445657455,-692.022,SF-P3O-v1,HalfCheetah-v4,0
2000,reward,2,-750.9403445663193,-721.481,SF-P3O-v1,HalfCheetah-v4,0
3000,reward,3,-692.737072517705,-711.9,SF-P3O-v1,HalfCheetah-v4,0
4000,reward,4,-700.4659864667299,-709.041,SF-P3O-v1,HalfCheetah-v4,0
5000,reward,5,-1066.9787796648106,-780.629,SF-P3O-v1,HalfCheetah-v4,0
6000,reward,6,-652.7236456642028,-759.311,SF-P3O-v1,HalfCheetah-v4,0
7000,reward,7,-780.8328276000007,-762.386,SF-P3O-v1,HalfCheetah-v4,0
8000,reward,8,-620.5010689788444,-744.65,SF-P3O-v1,HalfCheetah-v4,0
8192,loss,-0.06408131122589111,0.49759143590927124,SF-P3O-v1,HalfCheetah-v4,0
9000,reward,9,-758.8662138605787,-746.23,SF-P3O-v1,HalfCheetah-v4,0
10000,speed,746.64,0.22,SF-P3O-v1,HalfCheetah-v4,0
10000,reward,10,-896.5631486155434,-761.263,SF-P3O-v1,HalfCheetah-v4,0
10001,spectral,0.004438,0.966797,0.1253,SF-P3O-v1,HalfCheetah-v4,0
11000,reward,11,-871.3534821329175,-779.196,SF-P3O-v1,HalfCheetah-v4,0
12000,reward,12,-645.7688823805953,-768.679,SF-P3O-v1,HalfCheetah-v4,0
13000,reward,13,-617.6242252596413,-761.168,SF-P3O-v1,HalfCheetah-v4,0
14000,reward,14,-796.7536362684949,-770.797,SF-P3O-v1,HalfCheetah-v4,0
15000,reward,15,-748.9930849657127,-738.998,SF-P3O-v1,HalfCheetah-v4,0
16000,reward,16,-604.3647670372036,-734.162,SF-P3O-v1,HalfCheetah-v4,0
16384,loss,-0.1349141150712967,0.5298723578453064,SF-P3O-v1,HalfCheetah-v4,0
16384,diagnostics,0.0,53.23,2.671,0.007827,0.968299,0.1346,0.130238,SF-P3O-v1,HalfCheetah-v4,0
17000,reward,17,-967.1694122439415,-752.796,SF-P3O-v1,HalfCheetah-v4,0
18000,reward,18,-642.5320328962188,-754.999,SF-P3O-v1,HalfCheetah-v4,0
19000,reward,19,-620.256752149797,-741.138,SF-P3O-v1,HalfCheetah-v4,0
20000,speed,705.12,0.46,SF-P3O-v1,HalfCheetah-v4,0
20000,reward,20,-665.3688472651307,-718.019,SF-P3O-v1,HalfCheetah-v4,0
20001,spectral,0.007827,0.968299,0.1346,SF-P3O-v1,HalfCheetah-v4,0
21000,reward,21,-770.820898100933,-707.965,SF-P3O-v1,HalfCheetah-v4,0
22000,reward,22,-831.2303329024282,-726.511,SF-P3O-v1,HalfCheetah-v4,0
23000,reward,23,-633.4786356836418,-728.097,SF-P3O-v1,HalfCheetah-v4,0
24000,reward,24,-616.3658814381446,-710.058,SF-P3O-v1,HalfCheetah-v4,0
24576,loss,-0.020519934594631195,0.6846810579299927,SF-P3O-v1,HalfCheetah-v4,0
25000,reward,25,-698.5212803386786,-705.011,SF-P3O-v1,HalfCheetah-v4,0
26000,reward,26,-459.0798196229687,-690.482,SF-P3O-v1,HalfCheetah-v4,0
27000,reward,27,-713.5929903711518,-665.125,SF-P3O-v1,HalfCheetah-v4,0
28000,reward,28,-607.2900585438166,-661.601,SF-P3O-v1,HalfCheetah-v4,0
29000,reward,29,-568.424144032514,-656.417,SF-P3O-v1,HalfCheetah-v4,0
30000,speed,707.99,0.69,SF-P3O-v1,HalfCheetah-v4,0
30000,reward,30,-659.6442458414293,-655.845,SF-P3O-v1,HalfCheetah-v4,0
30001,spectral,0.011381,0.967516,0.1468,SF-P3O-v1,HalfCheetah-v4,0
31000,reward,31,-755.2172547567707,-654.284,SF-P3O-v1,HalfCheetah-v4,0
32000,reward,32,-639.2666074271435,-635.088,SF-P3O-v1,HalfCheetah-v4,0
32768,loss,-0.015017855912446976,0.6338756680488586,SF-P3O-v1,HalfCheetah-v4,0
32768,diagnostics,0.0,53.65,3.7315,0.014411,0.965327,0.1465,0.1219,SF-P3O-v1,HalfCheetah-v4,0
33000,reward,33,-769.4293924049166,-648.683,SF-P3O-v1,HalfCheetah-v4,0
34000,reward,34,-701.3313625680055,-657.18,SF-P3O-v1,HalfCheetah-v4,0
35000,reward,35,-814.1534147688429,-668.743,SF-P3O-v1,HalfCheetah-v4,0
36000,reward,36,-686.0423911195742,-691.439,SF-P3O-v1,HalfCheetah-v4,0
37000,reward,37,-757.8840237023678,-695.868,SF-P3O-v1,HalfCheetah-v4,0
38000,reward,38,-788.8544564005409,-714.025,SF-P3O-v1,HalfCheetah-v4,0
39000,reward,39,-717.5598152432316,-728.938,SF-P3O-v1,HalfCheetah-v4,0
40000,speed,714.91,0.93,SF-P3O-v1,HalfCheetah-v4,0
40000,reward,40,-702.8956465187804,-733.263,SF-P3O-v1,HalfCheetah-v4,0
40001,spectral,0.014411,0.965327,0.1465,SF-P3O-v1,HalfCheetah-v4,0
40960,loss,-0.014978369697928429,0.6667008399963379,SF-P3O-v1,HalfCheetah-v4,0
41000,reward,41,-515.7503658630343,-709.317,SF-P3O-v1,HalfCheetah-v4,0
42000,reward,42,-641.600626914327,-709.55,SF-P3O-v1,HalfCheetah-v4,0
43000,reward,43,-690.4308353681826,-701.65,SF-P3O-v1,HalfCheetah-v4,0
44000,reward,44,-646.396298150074,-696.157,SF-P3O-v1,HalfCheetah-v4,0
45000,reward,45,-494.43369721448335,-664.185,SF-P3O-v1,HalfCheetah-v4,0
46000,reward,46,-627.8211467597182,-658.363,SF-P3O-v1,HalfCheetah-v4,0
47000,reward,47,-615.0476110327004,-644.079,SF-P3O-v1,HalfCheetah-v4,0
48000,reward,48,-659.6385698967758,-631.157,SF-P3O-v1,HalfCheetah-v4,0
49000,reward,49,-630.3991336904778,-622.441,SF-P3O-v1,HalfCheetah-v4,0
49152,loss,-0.0055616069585084915,0.6978307962417603,SF-P3O-v1,HalfCheetah-v4,0
49152,diagnostics,0.0,54.12,6.398,0.018097,0.962083,0.1589,0.116083,SF-P3O-v1,HalfCheetah-v4,0
50000,speed,461.86,1.29,SF-P3O-v1,HalfCheetah-v4,0
50000,reward,50,-568.8786431667736,-609.04,SF-P3O-v1,HalfCheetah-v4,0
50001,spectral,0.018097,0.962083,0.1589,SF-P3O-v1,HalfCheetah-v4,0
51000,reward,51,-679.141887756143,-625.379,SF-P3O-v1,HalfCheetah-v4,0
52000,reward,52,-549.2876609716412,-616.148,SF-P3O-v1,HalfCheetah-v4,0
53000,reward,53,-554.0104657988031,-602.506,SF-P3O-v1,HalfCheetah-v4,0
54000,reward,54,-719.3315821477631,-609.799,SF-P3O-v1,HalfCheetah-v4,0
55000,reward,55,-594.8364424556494,-619.839,SF-P3O-v1,HalfCheetah-v4,0
56000,reward,56,-661.7760800592996,-623.235,SF-P3O-v1,HalfCheetah-v4,0
57000,reward,57,-577.3624689708456,-619.466,SF-P3O-v1,HalfCheetah-v4,0
57344,loss,-0.07538280636072159,0.7949039340019226,SF-P3O-v1,HalfCheetah-v4,0
58000,reward,58,-422.3411728266002,-595.737,SF-P3O-v1,HalfCheetah-v4,0
59000,reward,59,-568.6407121969833,-589.561,SF-P3O-v1,HalfCheetah-v4,0
60000,speed,706.24,1.52,SF-P3O-v1,HalfCheetah-v4,0
60000,reward,60,-623.9374346074975,-595.067,SF-P3O-v1,HalfCheetah-v4,0
60001,spectral,0.0198,0.960518,0.1629,SF-P3O-v1,HalfCheetah-v4,0
61000,reward,61,-541.765399678387,-581.329,SF-P3O-v1,HalfCheetah-v4,0
62000,reward,62,-545.6516691400318,-580.965,SF-P3O-v1,HalfCheetah-v4,0
63000,reward,63,-612.5881083754758,-586.823,SF-P3O-v1,HalfCheetah-v4,0
64000,reward,64,-600.083681155404,-574.898,SF-P3O-v1,HalfCheetah-v4,0
65000,reward,65,-664.6129794662028,-581.876,SF-P3O-v1,HalfCheetah-v4,0
65536,loss,-0.005534588359296322,0.7727006077766418,SF-P3O-v1,HalfCheetah-v4,0
65536,diagnostics,0.0,54.58,6.1621,0.021514,0.959588,0.1784,0.112798,SF-P3O-v1,HalfCheetah-v4,0
66000,reward,66,-570.3042931131017,-572.729,SF-P3O-v1,HalfCheetah-v4,0
67000,reward,67,-336.74835445438873,-548.667,SF-P3O-v1,HalfCheetah-v4,0
68000,reward,68,-562.0297556418013,-562.636,SF-P3O-v1,HalfCheetah-v4,0
69000,reward,69,-458.19080629923025,-551.591,SF-P3O-v1,HalfCheetah-v4,0
70000,speed,711.49,1.76,SF-P3O-v1,HalfCheetah-v4,0
70000,reward,70,-518.8784309268711,-541.085,SF-P3O-v1,HalfCheetah-v4,0
70001,spectral,0.021514,0.959588,0.1784,SF-P3O-v1,HalfCheetah-v4,0
71000,reward,71,-573.9559900394935,-544.304,SF-P3O-v1,HalfCheetah-v4,0
72000,reward,72,-519.3493180727276,-541.674,SF-P3O-v1,HalfCheetah-v4,0
73000,reward,73,-482.68168516784084,-528.684,SF-P3O-v1,HalfCheetah-v4,0
73728,loss,-0.09952861070632935,0.8587880730628967,SF-P3O-v1,HalfCheetah-v4,0
74000,reward,74,-554.8734261815969,-524.163,SF-P3O-v1,HalfCheetah-v4,0
75000,reward,75,-587.172841094802,-516.418,SF-P3O-v1,HalfCheetah-v4,0
76000,reward,76,-633.4177729699296,-522.73,SF-P3O-v1,HalfCheetah-v4,0
77000,reward,77,-334.640375644985,-522.519,SF-P3O-v1,HalfCheetah-v4,0
78000,reward,78,-432.1804508953829,-509.534,SF-P3O-v1,HalfCheetah-v4,0
79000,reward,79,-557.1723597680483,-519.432,SF-P3O-v1,HalfCheetah-v4,0
80000,speed,723.85,1.99,SF-P3O-v1,HalfCheetah-v4,0
80000,reward,80,-525.2218582656832,-520.067,SF-P3O-v1,HalfCheetah-v4,0
80001,spectral,0.022927,0.959936,0.1916,SF-P3O-v1,HalfCheetah-v4,0
81000,reward,81,-503.05237228701924,-512.976,SF-P3O-v1,HalfCheetah-v4,0
81920,loss,0.04743872955441475,0.8106058239936829,SF-P3O-v1,HalfCheetah-v4,0
81920,diagnostics,0.0,55.08,6.0508,0.02426,0.960532,0.1978,0.113268,SF-P3O-v1,HalfCheetah-v4,0
82000,reward,82,-422.4812396177166,-503.289,SF-P3O-v1,HalfCheetah-v4,0
83000,reward,83,-272.3824286007033,-482.26,SF-P3O-v1,HalfCheetah-v4,0
84000,reward,84,-493.7112275741537,-476.143,SF-P3O-v1,HalfCheetah-v4,0
85000,reward,85,-491.41551576980066,-466.568,SF-P3O-v1,HalfCheetah-v4,0
86000,reward,86,-514.1651567141716,-454.642,SF-P3O-v1,HalfCheetah-v4,0
87000,reward,87,-437.6017691591719,-464.938,SF-P3O-v1,HalfCheetah-v4,0
88000,reward,88,-504.25635698533785,-472.146,SF-P3O-v1,HalfCheetah-v4,0
89000,reward,89,-496.8660736743823,-466.115,SF-P3O-v1,HalfCheetah-v4,0
90000,speed,697.35,2.23,SF-P3O-v1,HalfCheetah-v4,0
90000,reward,90,-390.3432043595503,-452.628,SF-P3O-v1,HalfCheetah-v4,0
90001,spectral,0.02426,0.960532,0.1978,SF-P3O-v1,HalfCheetah-v4,0
90112,loss,0.03463003784418106,0.7773844599723816,SF-P3O-v1,HalfCheetah-v4,0
91000,reward,91,-423.4958545279638,-444.672,SF-P3O-v1,HalfCheetah-v4,0
92000,reward,92,-377.3307269700095,-440.157,SF-P3O-v1,HalfCheetah-v4,0
93000,reward,93,-366.83905876058157,-449.602,SF-P3O-v1,HalfCheetah-v4,0
94000,reward,94,-523.2586117928475,-452.557,SF-P3O-v1,HalfCheetah-v4,0
95000,reward,95,-531.2137227863399,-456.537,SF-P3O-v1,HalfCheetah-v4,0
96000,reward,96,-527.7768188458376,-457.898,SF-P3O-v1,HalfCheetah-v4,0
97000,reward,97,-510.1229591159046,-465.15,SF-P3O-v1,HalfCheetah-v4,0
98000,reward,98,-474.1421244744891,-462.139,SF-P3O-v1,HalfCheetah-v4,0
98304,loss,-0.024710245430469513,0.8555290102958679,SF-P3O-v1,HalfCheetah-v4,0
98304,diagnostics,0.0,55.5,7.192,0.026328,0.959999,0.2296,0.112394,SF-P3O-v1,HalfCheetah-v4,0
99000,reward,99,-398.2477368581981,-452.277,SF-P3O-v1,HalfCheetah-v4,0
100000,speed,460.9,2.59,SF-P3O-v1,HalfCheetah-v4,0
100000,reward,100,-557.1794903099354,-468.961,SF-P3O-v1,HalfCheetah-v4,0
100001,spectral,0.026328,0.959999,0.2296,SF-P3O-v1,HalfCheetah-v4,0
101000,reward,101,-415.452188464713,-468.156,SF-P3O-v1,HalfCheetah-v4,0
102000,reward,102,-456.3957024470367,-476.063,SF-P3O-v1,HalfCheetah-v4,0
103000,reward,103,-459.69002778017204,-485.348,SF-P3O-v1,HalfCheetah-v4,0
104000,reward,104,-384.6590700296737,-471.488,SF-P3O-v1,HalfCheetah-v4,0
105000,reward,105,-372.98675524926983,-455.665,SF-P3O-v1,HalfCheetah-v4,0
106000,reward,106,-352.7876711972927,-438.166,SF-P3O-v1,HalfCheetah-v4,0
106496,loss,0.002329552546143532,0.7102038860321045,SF-P3O-v1,HalfCheetah-v4,0
107000,reward,107,-318.69540333492563,-419.024,SF-P3O-v1,HalfCheetah-v4,0
108000,reward,108,-338.67027701829034,-405.476,SF-P3O-v1,HalfCheetah-v4,0
109000,reward,109,-320.12088629596616,-397.664,SF-P3O-v1,HalfCheetah-v4,0
110000,speed,719.4,2.82,SF-P3O-v1,HalfCheetah-v4,0
110000,reward,110,-459.5623991398178,-387.902,SF-P3O-v1,HalfCheetah-v4,0
110001,spectral,0.02717,0.960217,0.2562,SF-P3O-v1,HalfCheetah-v4,0
111000,reward,111,-374.5414282714418,-383.811,SF-P3O-v1,HalfCheetah-v4,0
112000,reward,112,-405.5908024680727,-378.73,SF-P3O-v1,HalfCheetah-v4,0
113000,reward,113,-465.8222355005864,-379.344,SF-P3O-v1,HalfCheetah-v4,0
114000,reward,114,-477.5506189387539,-388.633,SF-P3O-v1,HalfCheetah-v4,0
114688,loss,0.007759615778923035,0.6673455238342285,SF-P3O-v1,HalfCheetah-v4,0
114688,diagnostics,0.0,55.92,5.9526,0.028175,0.960221,0.2974,0.112347,SF-P3O-v1,HalfCheetah-v4,0
115000,reward,115,-450.6389273308033,-396.398,SF-P3O-v1,HalfCheetah-v4,0
116000,reward,116,-443.3545169409497,-405.455,SF-P3O-v1,HalfCheetah-v4,0
117000,reward,117,-481.2814506396965,-421.713,SF-P3O-v1,HalfCheetah-v4,0
118000,reward,118,-356.05961684682995,-423.452,SF-P3O-v1,HalfCheetah-v4,0
119000,reward,119,-287.95210127974553,-420.235,SF-P3O-v1,HalfCheetah-v4,0
120000,speed,709.05,3.06,SF-P3O-v1,HalfCheetah-v4,0
120000,reward,120,-414.4793763286356,-415.727,SF-P3O-v1,HalfCheetah-v4,0
120001,spectral,0.028175,0.960221,0.2974,SF-P3O-v1,HalfCheetah-v4,0
121000,reward,121,-421.681499408943,-420.441,SF-P3O-v1,HalfCheetah-v4,0
122000,reward,122,-519.1980638962259,-431.802,SF-P3O-v1,HalfCheetah-v4,0
122880,loss,-0.029876332730054855,0.731945276260376,SF-P3O-v1,HalfCheetah-v4,0
123000,reward,123,-416.9181413419005,-426.911,SF-P3O-v1,HalfCheetah-v4,0
124000,reward,124,-421.2501701085092,-421.281,SF-P3O-v1,HalfCheetah-v4,0
125000,reward,125,-261.7620034333608,-402.394,SF-P3O-v1,HalfCheetah-v4,0
126000,reward,126,-273.98736733534594,-385.457,SF-P3O-v1,HalfCheetah-v4,0
127000,reward,127,-499.74678399716163,-387.304,SF-P3O-v1,HalfCheetah-v4,0
128000,reward,128,-322.8062856449739,-383.978,SF-P3O-v1,HalfCheetah-v4,0
129000,reward,129,-382.90229078147314,-393.473,SF-P3O-v1,HalfCheetah-v4,0
130000,speed,710.98,3.29,SF-P3O-v1,HalfCheetah-v4,0
130000,reward,130,-428.9727017108641,-394.923,SF-P3O-v1,HalfCheetah-v4,0
130001,spectral,0.029136,0.959989,0.2694,SF-P3O-v1,HalfCheetah-v4,0
131000,reward,131,-376.90578863900475,-390.445,SF-P3O-v1,HalfCheetah-v4,0
131072,loss,-0.08718714863061905,0.8424171209335327,SF-P3O-v1,HalfCheetah-v4,0
131072,diagnostics,0.0,56.34,6.5887,0.029939,0.959802,0.3271,0.111923,SF-P3O-v1,HalfCheetah-v4,0
132000,reward,132,-419.2544633117566,-380.451,SF-P3O-v1,HalfCheetah-v4,0
133000,reward,133,-460.81978820195366,-384.841,SF-P3O-v1,HalfCheetah-v4,0
134000,reward,134,-346.1744856284909,-377.333,SF-P3O-v1,HalfCheetah-v4,0
135000,reward,135,-505.38335765523067,-401.695,SF-P3O-v1,HalfCheetah-v4,0
136000,reward,136,-368.7475456116708,-411.171,SF-P3O-v1,HalfCheetah-v4,0
137000,reward,137,-375.8334255639063,-398.78,SF-P3O-v1,HalfCheetah-v4,0
138000,reward,138,-294.9548920227206,-395.995,SF-P3O-v1,HalfCheetah-v4,0
139000,reward,139,-266.7900422150123,-384.384,SF-P3O-v1,HalfCheetah-v4,0
139264,loss,-0.08475886285305023,0.7395836114883423,SF-P3O-v1,HalfCheetah-v4,0
140000,speed,469.08,3.65,SF-P3O-v1,HalfCheetah-v4,0
140000,reward,140,-474.4581453092142,-388.932,SF-P3O-v1,HalfCheetah-v4,0
140001,spectral,0.03084,0.959425,0.3479,SF-P3O-v1,HalfCheetah-v4,0
141000,reward,141,-450.16441596926353,-396.258,SF-P3O-v1,HalfCheetah-v4,0
142000,reward,142,-239.98938838819595,-378.332,SF-P3O-v1,HalfCheetah-v4,0
143000,reward,143,-388.4885551609909,-371.098,SF-P3O-v1,HalfCheetah-v4,0
144000,reward,144,-403.81769796116595,-376.863,SF-P3O-v1,HalfCheetah-v4,0
145000,reward,145,-228.64286873523872,-349.189,SF-P3O-v1,HalfCheetah-v4,0
146000,reward,146,-385.200498034007,-350.834,SF-P3O-v1,HalfCheetah-v4,0
147000,reward,147,-273.61109565156056,-340.612,SF-P3O-v1,HalfCheetah-v4,0
147456,loss,-0.02796006388962269,0.6117565631866455,SF-P3O-v1,HalfCheetah-v4,0
147456,diagnostics,0.0,56.81,5.6612,0.031992,0.958953,0.3449,0.111379,SF-P3O-v1,HalfCheetah-v4,0
148000,reward,148,-307.0768398412493,-341.824,SF-P3O-v1,HalfCheetah-v4,0
149000,reward,149,-491.0918597128497,-364.254,SF-P3O-v1,HalfCheetah-v4,0
150000,speed,693.98,3.89,SF-P3O-v1,HalfCheetah-v4,0
150000,reward,150,-333.78115667392905,-350.186,SF-P3O-v1,HalfCheetah-v4,0
150001,spectral,0.031992,0.958953,0.3449,SF-P3O-v1,HalfCheetah-v4,0
151000,reward,151,-358.28952502707074,-340.999,SF-P3O-v1,HalfCheetah-v4,0
152000,reward,152,-374.3208008884867,-354.432,SF-P3O-v1,HalfCheetah-v4,0
153000,reward,153,-291.67773271901984,-344.751,SF-P3O-v1,HalfCheetah-v4,0
154000,reward,154,-389.0031687821371,-343.27,SF-P3O-v1,HalfCheetah-v4,0
155000,reward,155,-279.5410618671803,-348.359,SF-P3O-v1,HalfCheetah-v4,0
155648,loss,0.08967667818069458,0.9748784899711609,SF-P3O-v1,HalfCheetah-v4,0
156000,reward,156,-382.546616132758,-348.094,SF-P3O-v1,HalfCheetah-v4,0
157000,reward,157,-345.3944047286487,-355.272,SF-P3O-v1,HalfCheetah-v4,0
158000,reward,158,-290.2686170268932,-353.591,SF-P3O-v1,HalfCheetah-v4,0
159000,reward,159,-225.84360280178828,-327.067,SF-P3O-v1,HalfCheetah-v4,0
160000,speed,690.37,4.13,SF-P3O-v1,HalfCheetah-v4,0
160000,reward,160,-359.2136031597879,-329.61,SF-P3O-v1,HalfCheetah-v4,0
160001,spectral,0.032738,0.958925,0.4022,SF-P3O-v1,HalfCheetah-v4,0
161000,reward,161,-333.8531267754819,-327.166,SF-P3O-v1,HalfCheetah-v4,0
162000,reward,162,-451.1473869032892,-334.849,SF-P3O-v1,HalfCheetah-v4,0
163000,reward,163,-248.86593622921154,-330.568,SF-P3O-v1,HalfCheetah-v4,0
163840,loss,0.005924725905060768,0.6848236322402954,SF-P3O-v1,HalfCheetah-v4,0
163840,diagnostics,0.0,57.22,10.28,0.033476,0.958738,0.4011,0.11122,SF-P3O-v1,HalfCheetah-v4,0
164000,reward,164,-266.7242890413403,-318.34,SF-P3O-v1,HalfCheetah-v4,0
165000,reward,165,-435.1351575689668,-333.899,SF-P3O-v1,HalfCheetah-v4,0
166000,reward,166,-242.7183821276471,-319.916,SF-P3O-v1,HalfCheetah-v4,0
167000,reward,167,-298.0096845774057,-315.178,SF-P3O-v1,HalfCheetah-v4,0
168000,reward,168,-344.7812991140446,-320.629,SF-P3O-v1,HalfCheetah-v4,0
169000,reward,169,-211.89428520797497,-319.234,SF-P3O-v1,HalfCheetah-v4,0
170000,speed,713.41,4.36,SF-P3O-v1,HalfCheetah-v4,0
170000,reward,170,-400.4810395617199,-323.361,SF-P3O-v1,HalfCheetah-v4,0
170001,spectral,0.033476,0.958738,0.4011,SF-P3O-v1,HalfCheetah-v4,0
171000,reward,171,-391.5263652199315,-329.128,SF-P3O-v1,HalfCheetah-v4,0
172000,reward,172,-372.44172999000943,-321.258,SF-P3O-v1,HalfCheetah-v4,0
172032,loss,-0.05119387432932854,0.7178374528884888,SF-P3O-v1,HalfCheetah-v4,0
173000,reward,173,-253.86011090221166,-321.757,SF-P3O-v1,HalfCheetah-v4,0
174000,reward,174,-582.5726546186156,-353.342,SF-P3O-v1,HalfCheetah-v4,0
175000,reward,175,-286.907113350998,-338.519,SF-P3O-v1,HalfCheetah-v4,0
176000,reward,176,-366.16592240314105,-350.864,SF-P3O-v1,HalfCheetah-v4,0
177000,reward,177,-190.47002533306494,-340.11,SF-P3O-v1,HalfCheetah-v4,0
178000,reward,178,-369.06477168208914,-342.538,SF-P3O-v1,HalfCheetah-v4,0
179000,reward,179,-350.97431871322135,-356.446,SF-P3O-v1,HalfCheetah-v4,0
180000,speed,697.98,4.6,SF-P3O-v1,HalfCheetah-v4,0
180000,reward,180,-285.25589593962235,-344.924,SF-P3O-v1,HalfCheetah-v4,0
180001,spectral,0.034649,0.958407,0.3863,SF-P3O-v1,HalfCheetah-v4,0
180224,loss,-0.023015141487121582,0.6461539268493652,SF-P3O-v1,HalfCheetah-v4,0
180224,diagnostics,0.0,57.66,7.1528,0.035281,0.958167,0.4267,0.110774,SF-P3O-v1,HalfCheetah-v4,0
181000,reward,181,-254.310172115407,-331.202,SF-P3O-v1,HalfCheetah-v4,0
182000,reward,182,-340.926808303507,-328.051,SF-P3O-v1,HalfCheetah-v4,0
183000,reward,183,-368.1009172774432,-339.475,SF-P3O-v1,HalfCheetah-v4,0
184000,reward,184,-246.8745535829254,-305.905,SF-P3O-v1,HalfCheetah-v4,0
185000,reward,185,-316.3598131236803,-308.85,SF-P3O-v1,HalfCheetah-v4,0
186000,reward,186,-225.92120818915706,-294.826,SF-P3O-v1,HalfCheetah-v4,0
187000,reward,187,-319.25815578964955,-307.705,SF-P3O-v1,HalfCheetah-v4,0
188000,reward,188,-277.63857502442056,-298.562,SF-P3O-v1,HalfCheetah-v4,0
188416,loss,-0.08317874372005463,0.6860131025314331,SF-P3O-v1,HalfCheetah-v4,0
189000,reward,189,-285.8026873871079,-292.045,SF-P3O-v1,HalfCheetah-v4,0
190000,speed,465.16,4.96,SF-P3O-v1,HalfCheetah-v4,0
190000,reward,190,-376.7953880685962,-301.199,SF-P3O-v1,HalfCheetah-v4,0
190001,spectral,0.03606,0.957736,0.4748,SF-P3O-v1,HalfCheetah-v4,0
191000,reward,191,-256.48876576267565,-301.417,SF-P3O-v1,HalfCheetah-v4,0
192000,reward,192,-256.3742874596553,-292.961,SF-P3O-v1,HalfCheetah-v4,0
193000,reward,193,-369.7291624549264,-293.124,SF-P3O-v1,HalfCheetah-v4,0
194000,reward,194,-299.89671517606104,-298.426,SF-P3O-v1,HalfCheetah-v4,0
195000,reward,195,-172.7200500840845,-284.062,SF-P3O-v1,HalfCheetah-v4,0
196000,reward,196,-198.77484029673099,-281.348,SF-P3O-v1,HalfCheetah-v4,0
196608,loss,0.0010013608261942863,0.7006518840789795,SF-P3O-v1,HalfCheetah-v4,0
196608,diagnostics,0.0,58.12,5.2315,0.036859,0.957581,0.4552,0.109848,SF-P3O-v1,HalfCheetah-v4,0
197000,reward,197,-363.8964784612144,-285.812,SF-P3O-v1,HalfCheetah-v4,0
198000,reward,198,-238.5199483084565,-281.9,SF-P3O-v1,HalfCheetah-v4,0
199000,reward,199,-328.160262245609,-286.136,SF-P3O-v1,HalfCheetah-v4,0
200000,speed,714.25,5.19,SF-P3O-v1,HalfCheetah-v4,0
200000,reward,200,-397.2129956080959,-288.177,SF-P3O-v1,HalfCheetah-v4,0
200001,spectral,0.036859,0.957581,0.4552,SF-P3O-v1,HalfCheetah-v4,0
201000,reward,201,-251.3264241523462,-287.661,SF-P3O-v1,HalfCheetah-v4,0
202000,reward,202,-368.07751756403496,-298.831,SF-P3O-v1,HalfCheetah-v4,0
203000,reward,203,-177.206810684499,-279.579,SF-P3O-v1,HalfCheetah-v4,0
204000,reward,204,-233.0693675137191,-272.896,SF-P3O-v1,HalfCheetah-v4,0
204800,loss,-0.033716000616550446,0.9571790099143982,SF-P3O-v1,HalfCheetah-v4,0
205000,reward,205,-219.2030092788242,-277.545,SF-P3O-v1,HalfCheetah-v4,0
206000,reward,206,-225.24430371376772,-280.192,SF-P3O-v1,HalfCheetah-v4,0
207000,reward,207,-383.30579750531933,-282.133,SF-P3O-v1,HalfCheetah-v4,0
208000,reward,208,-181.53525613531662,-276.434,SF-P3O-v1,HalfCheetah-v4,0
209000,reward,209,-230.3864181402653,-266.657,SF-P3O-v1,HalfCheetah-v4,0
210000,speed,712.05,5.43,SF-P3O-v1,HalfCheetah-v4,0
210000,reward,210,-70.22883496398745,-233.958,SF-P3O-v1,HalfCheetah-v4,0
210001,spectral,0.037686,0.957359,0.4524,SF-P3O-v1,HalfCheetah-v4,0
211000,reward,211,-101.79255306476429,-219.005,SF-P3O-v1,HalfCheetah-v4,0
212000,reward,212,-162.6301617942987,-198.46,SF-P3O-v1,HalfCheetah-v4,0
212992,loss,0.04716351628303528,0.7219105362892151,SF-P3O-v1,HalfCheetah-v4,0
212992,diagnostics,0.0,58.55,6.6268,0.038472,0.956916,0.4943,0.108851,SF-P3O-v1,HalfCheetah-v4,0
213000,reward,213,-284.34962959406647,-209.175,SF-P3O-v1,HalfCheetah-v4,0
214000,reward,214,-86.82733123765243,-194.55,SF-P3O-v1,HalfCheetah-v4,0
215000,reward,215,-313.9101181958604,-204.021,SF-P3O-v1,HalfCheetah-v4,0
216000,reward,216,-375.82852940696,-219.079,SF-P3O-v1,HalfCheetah-v4,0
217000,reward,217,-199.14970187938334,-200.664,SF-P3O-v1,HalfCheetah-v4,0
218000,reward,218,-279.2062776485351,-210.431,SF-P3O-v1,HalfCheetah-v4,0
219000,reward,219,-173.14828917448847,-204.707,SF-P3O-v1,HalfCheetah-v4,0
220000,speed,697.42,5.67,SF-P3O-v1,HalfCheetah-v4,0
220000,reward,220,-211.42025061630278,-218.826,SF-P3O-v1,HalfCheetah-v4,0
220001,spectral,0.038472,0.956916,0.4943,SF-P3O-v1,HalfCheetah-v4,0
221000,reward,221,-189.87828349532742,-227.635,SF-P3O-v1,HalfCheetah-v4,0
221184,loss,-0.1218874454498291,0.6763342618942261,SF-P3O-v1,HalfCheetah-v4,0
222000,reward,222,-99.73242306311921,-221.345,SF-P3O-v1,HalfCheetah-v4,0
223000,reward,223,-235.00460009464138,-216.411,SF-P3O-v1,HalfCheetah-v4,0
224000,reward,224,-171.7514642555377,-224.903,SF-P3O-v1,HalfCheetah-v4,0
225000,reward,225,-108.80159306801107,-204.392,SF-P3O-v1,HalfCheetah-v4,0
226000,reward,226,-187.4420567956377,-185.553,SF-P3O-v1,HalfCheetah-v4,0
227000,reward,227,-130.09709019055904,-178.648,SF-P3O-v1,HalfCheetah-v4,0
228000,reward,228,-128.54007129132276,-163.582,SF-P3O-v1,HalfCheetah-v4,0
229000,reward,229,-48.76883791734153,-151.144,SF-P3O-v1,HalfCheetah-v4,0
229376,loss,-0.16807730495929718,0.8410091400146484,SF-P3O-v1,HalfCheetah-v4,0
229376,diagnostics,0.0,58.99,8.539,0.040016,0.95708,0.543,0.10815,SF-P3O-v1,HalfCheetah-v4,0
230000,speed,452.5,6.03,SF-P3O-v1,HalfCheetah-v4,0
230000,reward,230,-257.8674806557841,-155.788,SF-P3O-v1,HalfCheetah-v4,0
230001,spectral,0.040016,0.95708,0.543,SF-P3O-v1,HalfCheetah-v4,0
231000,reward,231,-21.215341614846963,-138.922,SF-P3O-v1,HalfCheetah-v4,0
232000,reward,232,-215.09361449506414,-150.458,SF-P3O-v1,HalfCheetah-v4,0
233000,reward,233,-27.849214814867757,-129.743,SF-P3O-v1,HalfCheetah-v4,0
234000,reward,234,-74.10707163928973,-119.978,SF-P3O-v1,HalfCheetah-v4,0
235000,reward,235,26.037862232238446,-106.494,SF-P3O-v1,HalfCheetah-v4,0
236000,reward,236,-41.37353504182885,-91.887,SF-P3O-v1,HalfCheetah-v4,0
237000,reward,237,-317.56732131903794,-110.634,SF-P3O-v1,HalfCheetah-v4,0
237568,loss,-0.0834960862994194,0.8150296211242676,SF-P3O-v1,HalfCheetah-v4,0
238000,reward,238,-94.97182549132097,-107.278,SF-P3O-v1,HalfCheetah-v4,0
239000,reward,239,-245.3684569965275,-126.938,SF-P3O-v1,HalfCheetah-v4,0
240000,speed,709.9,6.27,SF-P3O-v1,HalfCheetah-v4,0
240000,reward,240,-320.54957549117665,-133.206,SF-P3O-v1,HalfCheetah-v4,0
240001,spectral,0.040741,0.957106,0.5294,SF-P3O-v1,HalfCheetah-v4,0
241000,reward,241,-149.09607019701497,-145.994,SF-P3O-v1,HalfCheetah-v4,0
242000,reward,242,-26.48059591684018,-127.133,SF-P3O-v1,HalfCheetah-v4,0
243000,reward,243,-177.01611293790054,-142.049,SF-P3O-v1,HalfCheetah-v4,0
244000,reward,244,-65.38155047163339,-141.177,SF-P3O-v1,HalfCheetah-v4,0
245000,reward,245,-44.400787640603255,-148.221,SF-P3O-v1,HalfCheetah-v4,0
245760,loss,-0.14758305251598358,0.755720853805542,SF-P3O-v1,HalfCheetah-v4,0
245760,diagnostics,0.0,59.42,10.196,0.041425,0.956431,0.5082,0.107157,SF-P3O-v1,HalfCheetah-v4,0
246000,reward,246,-78.29122784108785,-151.912,SF-P3O-v1,HalfCheetah-v4,0
247000,reward,247,-245.581232908355,-144.714,SF-P3O-v1,HalfCheetah-v4,0
248000,reward,248,60.93373859814049,-129.123,SF-P3O-v1,HalfCheetah-v4,0
249000,reward,249,-46.92132563990186,-109.278,SF-P3O-v1,HalfCheetah-v4,0
250000,speed,679.38,6.51,SF-P3O-v1,HalfCheetah-v4,0
250000,reward,250,-43.48543446493967,-81.572,SF-P3O-v1,HalfCheetah-v4,0
250001,spectral,0.041425,0.956431,0.5082,SF-P3O-v1,HalfCheetah-v4,0
251000,reward,251,39.23869631047064,-62.739,SF-P3O-v1,HalfCheetah-v4,0
252000,reward,252,7.786629239486423,-59.312,SF-P3O-v1,HalfCheetah-v4,0
253000,reward,253,-221.87501201190273,-63.798,SF-P3O-v1,HalfCheetah-v4,0
253952,loss,-0.10400763154029846,0.6503275632858276,SF-P3O-v1,HalfCheetah-v4,0
254000,reward,254,-84.25383044294699,-65.685,SF-P3O-v1,HalfCheetah-v4,0
255000,reward,255,33.40428094303396,-57.904,SF-P3O-v1,HalfCheetah-v4,0
256000,reward,256,39.11271340843702,-46.164,SF-P3O-v1,HalfCheetah-v4,0
257000,reward,257,-246.20196415654135,-46.226,SF-P3O-v1,HalfCheetah-v4,0
258000,reward,258,-80.65763787456896,-60.385,SF-P3O-v1,HalfCheetah-v4,0
259000,reward,259,23.066286349022825,-53.387,SF-P3O-v1,HalfCheetah-v4,0
260000,speed,713.25,6.75,SF-P3O-v1,HalfCheetah-v4,0
260000,reward,260,-40.249226041112315,-53.063,SF-P3O-v1,HalfCheetah-v4,0
260001,spectral,0.04217,0.956343,0.5096,SF-P3O-v1,HalfCheetah-v4,0
261000,reward,261,-50.22359722121529,-62.009,SF-P3O-v1,HalfCheetah-v4,0
262000,reward,262,-186.99318022465965,-81.487,SF-P3O-v1,HalfCheetah-v4,0
262144,loss,-0.0639808177947998,0.7528057098388672,SF-P3O-v1,HalfCheetah-v4,0
262144,diagnostics,0.0,59.85,6.748,0.042779,0.956471,0.5515,0.1068,SF-P3O-v1,HalfCheetah-v4,0
263000,reward,263,-26.568792570908776,-61.956,SF-P3O-v1,HalfCheetah-v4,0
264000,reward,264,90.93439228253548,-44.438,SF-P3O-v1,HalfCheetah-v4,0
265000,reward,265,-234.1157178174119,-71.19,SF-P3O-v1,HalfCheetah-v4,0
266000,reward,266,44.593732423090614,-70.642,SF-P3O-v1,HalfCheetah-v4,0
267000,reward,267,128.40600291041247,-33.181,SF-P3O-v1,HalfCheetah-v4,0
268000,reward,268,140.45322324502337,-11.07,SF-P3O-v1,HalfCheetah-v4,0
269000,reward,269,-139.5566219982036,-27.332,SF-P3O-v1,HalfCheetah-v4,0
270000,speed,701.32,6.98,SF-P3O-v1,HalfCheetah-v4,0
270000,reward,270,70.8970514733239,-16.217,SF-P3O-v1,HalfCheetah-v4,0
270001,spectral,0.042779,0.956471,0.5515,SF-P3O-v1,HalfCheetah-v4,0
270336,loss,-0.02906706929206848,0.6733304262161255,SF-P3O-v1,HalfCheetah-v4,0
271000,reward,271,-113.94678606123513,-22.59,SF-P3O-v1,HalfCheetah-v4,0
272000,reward,272,204.76620369074396,16.586,SF-P3O-v1,HalfCheetah-v4,0
273000,reward,273,-145.14979757536622,4.728,SF-P3O-v1,HalfCheetah-v4,0
274000,reward,274,-239.8511713599933,-28.35,SF-P3O-v1,HalfCheetah-v4,0
275000,reward,275,-58.299289615427455,-10.769,SF-P3O-v1,HalfCheetah-v4,0
276000,reward,276,19.629213541467617,-13.265,SF-P3O-v1,HalfCheetah-v4,0
277000,reward,277,-109.41478669452032,-37.047,SF-P3O-v1,HalfCheetah-v4,0
278000,reward,278,77.78876558496421,-43.314,SF-P3O-v1,HalfCheetah-v4,0
278528,loss,-0.017204025760293007,0.5364209413528442,SF-P3O-v1,HalfCheetah-v4,0
278528,diagnostics,0.0,60.27,5.4604,0.044517,0.95542,0.6036,0.106156,SF-P3O-v1,HalfCheetah-v4,0
279000,reward,279,65.6953509401826,-22.789,SF-P3O-v1,HalfCheetah-v4,0
280000,speed,464.1,7.34,SF-P3O-v1,HalfCheetah-v4,0
280000,reward,280,70.77527157004216,-22.801,SF-P3O-v1,HalfCheetah-v4,0
280001,spectral,0.044517,0.95542,0.6036,SF-P3O-v1,HalfCheetah-v4,0
281000,reward,281,-13.037191028868449,-12.71,SF-P3O-v1,HalfCheetah-v4,0
282000,reward,282,124.50651681603237,-20.736,SF-P3O-v1,HalfCheetah-v4,0
283000,reward,283,77.64964197031051,1.544,SF-P3O-v1,HalfCheetah-v4,0
284000,reward,284,72.44345022154515,32.774,SF-P3O-v1,HalfCheetah-v4,0
285000,reward,285,70.17252378326882,45.621,SF-P3O-v1,HalfCheetah-v4,0
286000,reward,286,-41.100897790201614,39.548,SF-P3O-v1,HalfCheetah-v4,0
286720,loss,-0.1205265074968338,0.7300106883049011,SF-P3O-v1,HalfCheetah-v4,0
287000,reward,287,-139.54418192769816,36.535,SF-P3O-v1,HalfCheetah-v4,0
288000,reward,288,-181.0021089837886,10.656,SF-P3O-v1,HalfCheetah-v4,0
289000,reward,289,74.38971831030548,11.525,SF-P3O-v1,HalfCheetah-v4,0
290000,speed,688.61,7.59,SF-P3O-v1,HalfCheetah-v4,0
290000,reward,290,-28.030925971810234,1.645,SF-P3O-v1,HalfCheetah-v4,0
290001,spectral,0.04536,0.955108,0.5984,SF-P3O-v1,HalfCheetah-v4,0
291000,reward,291,-212.67297483631876,-18.319,SF-P3O-v1,HalfCheetah-v4,0
292000,reward,292,103.8778860063112,-20.382,SF-P3O-v1,HalfCheetah-v4,0
293000,reward,293,-149.85053443574122,-43.132,SF-P3O-v1,HalfCheetah-v4,0
294000,reward,294,31.961510979425064,-47.18,SF-P3O-v1,HalfCheetah-v4,0
294912,loss,-0.12644287943840027,0.6610319018363953,SF-P3O-v1,HalfCheetah-v4,0
294912,diagnostics,0.0,60.68,6.9755,0.045888,0.95496,0.5957,0.10561,SF-P3O-v1,HalfCheetah-v4,0
295000,reward,295,-215.6726199801659,-75.765,SF-P3O-v1,HalfCheetah-v4,0
296000,reward,296,174.1205685184092,-54.242,SF-P3O-v1,HalfCheetah-v4,0
297000,reward,297,-112.63051940032665,-51.551,SF-P3O-v1,HalfCheetah-v4,0
298000,reward,298,83.27233671769888,-25.124,SF-P3O-v1,HalfCheetah-v4,0
299000,reward,299,149.40793359285018,-17.622,SF-P3O-v1,HalfCheetah-v4,0
300000,speed,709.87,7.82,SF-P3O-v1,HalfCheetah-v4,0
300000,reward,300,-206.34885031364954,-35.454,SF-P3O-v1,HalfCheetah-v4,0
300001,spectral,0.045888,0.95496,0.5957,SF-P3O-v1,HalfCheetah-v4,0
301000,reward,301,156.5854137717463,1.472,SF-P3O-v1,HalfCheetah-v4,0
302000,reward,302,115.50170081073198,2.635,SF-P3O-v1,HalfCheetah-v4,0
303000,reward,303,169.1117020223283,34.531,SF-P3O-v1,HalfCheetah-v4,0
303104,loss,-0.11482483148574829,0.5590393543243408,SF-P3O-v1,HalfCheetah-v4,0
304000,reward,304,168.3849511215078,48.173,SF-P3O-v1,HalfCheetah-v4,0
305000,reward,305,-3.5580122946136186,69.385,SF-P3O-v1,HalfCheetah-v4,0
306000,reward,306,139.6806312252154,65.941,SF-P3O-v1,HalfCheetah-v4,0
307000,reward,307,206.34704420142583,97.838,SF-P3O-v1,HalfCheetah-v4,0
308000,reward,308,290.9204677155968,118.603,SF-P3O-v1,HalfCheetah-v4,0
309000,reward,309,-24.714597536352144,101.191,SF-P3O-v1,HalfCheetah-v4,0
310000,speed,721.16,8.05,SF-P3O-v1,HalfCheetah-v4,0
310000,reward,310,215.95216327413107,143.421,SF-P3O-v1,HalfCheetah-v4,0
310001,spectral,0.04667,0.954104,0.6249,SF-P3O-v1,HalfCheetah-v4,0
311000,reward,311,98.81486855826722,137.644,SF-P3O-v1,HalfCheetah-v4,0
311296,loss,-0.04949910193681717,0.8210102915763855,SF-P3O-v1,HalfCheetah-v4,0
311296,diagnostics,0.0,61.08,14.1519,0.047182,0.954008,0.6619,0.10509,SF-P3O-v1,HalfCheetah-v4,0
312000,reward,312,283.32619806428147,154.427,SF-P3O-v1,HalfCheetah-v4,0
313000,reward,313,-88.88973788167507,128.626,SF-P3O-v1,HalfCheetah-v4,0
314000,reward,314,126.36692871464844,124.425,SF-P3O-v1,HalfCheetah-v4,0
315000,reward,315,182.6017753161961,143.041,SF-P3O-v1,HalfCheetah-v4,0
316000,reward,316,229.65073549541876,152.038,SF-P3O-v1,HalfCheetah-v4,0
317000,reward,317,-239.86042147232556,107.417,SF-P3O-v1,HalfCheetah-v4,0
318000,reward,318,186.829433450975,97.008,SF-P3O-v1,HalfCheetah-v4,0
319000,reward,319,277.6948729904066,127.249,SF-P3O-v1,HalfCheetah-v4,0
319488,loss,-0.028004709631204605,0.7449126839637756,SF-P3O-v1,HalfCheetah-v4,0
320000,speed,458.71,8.42,SF-P3O-v1,HalfCheetah-v4,0
320000,reward,320,184.64673193202276,124.118,SF-P3O-v1,HalfCheetah-v4,0
320001,spectral,0.047785,0.954293,0.7069,SF-P3O-v1,HalfCheetah-v4,0
321000,reward,321,316.30610609746464,145.867,SF-P3O-v1,HalfCheetah-v4,0
322000,reward,322,272.56156473782397,144.791,SF-P3O-v1,HalfCheetah-v4,0
323000,reward,323,41.14754408085058,157.795,SF-P3O-v1,HalfCheetah-v4,0
324000,reward,324,38.66916167651206,149.025,SF-P3O-v1,HalfCheetah-v4,0
325000,reward,325,-184.55770625740976,112.309,SF-P3O-v1,HalfCheetah-v4,0
326000,reward,326,391.6184556182038,128.506,SF-P3O-v1,HalfCheetah-v4,0
327000,reward,327,96.49213798925624,162.141,SF-P3O-v1,HalfCheetah-v4,0
327680,loss,-0.04110424220561981,0.707170844078064,SF-P3O-v1,HalfCheetah-v4,0
327680,diagnostics,0.0,61.48,4.7642,0.048384,0.954428,0.7395,0.105111,SF-P3O-v1,HalfCheetah-v4,0
328000,reward,328,272.6593707940408,170.724,SF-P3O-v1,HalfCheetah-v4,0
329000,reward,329,298.71004483037063,172.825,SF-P3O-v1,HalfCheetah-v4,0
330000,speed,699.97,8.65,SF-P3O-v1,HalfCheetah-v4,0
330000,reward,330,446.1882190200772,198.979,SF-P3O-v1,HalfCheetah-v4,0
330001,spectral,0.048384,0.954428,0.7395,SF-P3O-v1,HalfCheetah-v4,0
331000,reward,331,-135.87583111460583,153.761,SF-P3O-v1,HalfCheetah-v4,0
332000,reward,332,198.0207570950793,146.307,SF-P3O-v1,HalfCheetah-v4,0
333000,reward,333,354.2772742320867,177.62,SF-P3O-v1,HalfCheetah-v4,0
334000,reward,334,253.78222853307616,199.131,SF-P3O-v1,HalfCheetah-v4,0
335000,reward,335,170.4188316618408,234.629,SF-P3O-v1,HalfCheetah-v4,0
335872,loss,-0.017111457884311676,0.7159016132354736,SF-P3O-v1,HalfCheetah-v4,0
336000,reward,336,295.3167405839358,224.999,SF-P3O-v1,HalfCheetah-v4,0
337000,reward,337,368.56885015535556,252.207,SF-P3O-v1,HalfCheetah-v4,0
338000,reward,338,417.093676894904,266.65,SF-P3O-v1,HalfCheetah-v4,0
339000,reward,339,308.5813712077087,267.637,SF-P3O-v1,HalfCheetah-v4,0
340000,speed,711.75,8.89,SF-P3O-v1,HalfCheetah-v4,0
340000,reward,340,316.59923637437,254.678,SF-P3O-v1,HalfCheetah-v4,0
340001,spectral,0.049112,0.954199,0.7053,SF-P3O-v1,HalfCheetah-v4,0
341000,reward,341,256.51282429895446,293.917,SF-P3O-v1,HalfCheetah-v4,0
342000,reward,342,-181.17984160120875,255.997,SF-P3O-v1,HalfCheetah-v4,0
343000,reward,343,300.6692754618749,250.636,SF-P3O-v1,HalfCheetah-v4,0
344000,reward,344,267.57547648906643,252.016,SF-P3O-v1,HalfCheetah-v4,0
344064,loss,-0.1858060657978058,0.7108185291290283,SF-P3O-v1,HalfCheetah-v4,0
344064,diagnostics,0.0,61.88,8.7101,0.049923,0.953957,0.724,0.104609,SF-P3O-v1,HalfCheetah-v4,0
345000,reward,345,386.349036042948,273.609,SF-P3O-v1,HalfCheetah-v4,0
346000,reward,346,396.5071678718798,283.728,SF-P3O-v1,HalfCheetah-v4,0
347000,reward,347,354.3128246305567,282.302,SF-P3O-v1,HalfCheetah-v4,0
348000,reward,348,32.94707355792012,243.887,SF-P3O-v1,HalfCheetah-v4,0
349000,reward,349,312.01596365964497,244.231,SF-P3O-v1,HalfCheetah-v4,0
350000,speed,709.2,9.12,SF-P3O-v1,HalfCheetah-v4,0
350000,reward,350,420.57198758638174,254.628,SF-P3O-v1,HalfCheetah-v4,0
350001,spectral,0.049923,0.953957,0.724,SF-P3O-v1,HalfCheetah-v4,0
351000,reward,351,433.4528179189099,272.322,SF-P3O-v1,HalfCheetah-v4,0
352000,reward,352,387.69868007354177,329.21,SF-P3O-v1,HalfCheetah-v4,0
352256,loss,-0.0068622007966041565,0.7858115434646606,SF-P3O-v1,HalfCheetah-v4,0
353000,reward,353,-125.7826906006733,286.565,SF-P3O-v1,HalfCheetah-v4,0
354000,reward,354,371.8143236104347,296.989,SF-P3O-v1,HalfCheetah-v4,0
355000,reward,355,-96.09518479965018,248.744,SF-P3O-v1,HalfCheetah-v4,0
356000,reward,356,425.7211045712586,251.666,SF-P3O-v1,HalfCheetah-v4,0
357000,reward,357,457.2383896274273,261.958,SF-P3O-v1,HalfCheetah-v4,0
358000,reward,358,501.0129517470005,308.765,SF-P3O-v1,HalfCheetah-v4,0
359000,reward,359,284.87021533800953,306.05,SF-P3O-v1,HalfCheetah-v4,0
360000,speed,678.65,9.37,SF-P3O-v1,HalfCheetah-v4,0
360000,reward,360,336.98084034801855,297.691,SF-P3O-v1,HalfCheetah-v4,0
360001,perturb,0.050442,0.953967,0.6872,30628,37218,0.278964,1,SF-P3O-v1,HalfCheetah-v4,0
360448,loss,0.08053140342235565,0.6028597950935364,SF-P3O-v1,HalfCheetah-v4,0
360448,diagnostics,0.0,63.07,10.6895,0.051178,0.95347,0.6524,0.136504,SF-P3O-v1,HalfCheetah-v4,0
361000,reward,361,537.0122973045285,308.047,SF-P3O-v1,HalfCheetah-v4,0
362000,reward,362,146.57953980513878,283.935,SF-P3O-v1,HalfCheetah-v4,0
363000,reward,363,390.8987661547,335.603,SF-P3O-v1,HalfCheetah-v4,0
364000,reward,364,284.0499015289532,326.827,SF-P3O-v1,HalfCheetah-v4,0
365000,reward,365,330.0969077252428,369.446,SF-P3O-v1,HalfCheetah-v4,0
366000,reward,366,336.25414456140385,360.499,SF-P3O-v1,HalfCheetah-v4,0
367000,reward,367,-110.1262125443445,303.763,SF-P3O-v1,HalfCheetah-v4,0
368000,reward,368,306.09841203180713,284.271,SF-P3O-v1,HalfCheetah-v4,0
368640,loss,-0.08454184234142303,0.8038025498390198,SF-P3O-v1,HalfCheetah-v4,0
369000,reward,369,194.83868222626194,275.268,SF-P3O-v1,HalfCheetah-v4,0
370000,speed,451.89,9.74,SF-P3O-v1,HalfCheetah-v4,0
370000,reward,370,-152.23750471259913,226.346,SF-P3O-v1,HalfCheetah-v4,0
370001,spectral,0.051841,0.953486,0.6372,SF-P3O-v1,HalfCheetah-v4,0
371000,reward,371,67.04884662249596,179.35,SF-P3O-v1,HalfCheetah-v4,0
372000,reward,372,430.36902938604976,207.729,SF-P3O-v1,HalfCheetah-v4,0
373000,reward,373,355.047378093608,204.144,SF-P3O-v1,HalfCheetah-v4,0
374000,reward,374,370.19511425763255,212.758,SF-P3O-v1,HalfCheetah-v4,0
375000,reward,375,467.68520309980704,226.517,SF-P3O-v1,HalfCheetah-v4,0
376000,reward,376,337.53990898639984,226.646,SF-P3O-v1,HalfCheetah-v4,0
376832,loss,-0.03467989340424538,0.5163946747779846,SF-P3O-v1,HalfCheetah-v4,0
376832,diagnostics,0.0,63.45,5.7464,0.052482,0.953149,0.6677,0.1201,SF-P3O-v1,HalfCheetah-v4,0
377000,reward,377,-173.45985960678098,220.313,SF-P3O-v1,HalfCheetah-v4,0
378000,reward,378,319.0283786107339,221.606,SF-P3O-v1,HalfCheetah-v4,0
379000,reward,379,299.5310963743384,232.075,SF-P3O-v1,HalfCheetah-v4,0
380000,speed,703.04,9.97,SF-P3O-v1,HalfCheetah-v4,0
380000,reward,380,196.31919780710854,266.93,SF-P3O-v1,HalfCheetah-v4,0
380001,spectral,0.052482,0.953149,0.6677,SF-P3O-v1,HalfCheetah-v4,0
381000,reward,381,-54.70223841884363,254.755,SF-P3O-v1,HalfCheetah-v4,0
382000,reward,382,168.5909603482937,228.578,SF-P3O-v1,HalfCheetah-v4,0
383000,reward,383,358.79358661886306,228.952,SF-P3O-v1,HalfCheetah-v4,0
384000,reward,384,344.33181062071776,226.366,SF-P3O-v1,HalfCheetah-v4,0
385000,reward,385,299.2097678059015,209.518,SF-P3O-v1,HalfCheetah-v4,0
385024,loss,-0.1567349135875702,0.6157651543617249,SF-P3O-v1,HalfCheetah-v4,0
386000,reward,386,373.37074903728006,213.101,SF-P3O-v1,HalfCheetah-v4,0
387000,reward,387,-14.697323395209878,228.978,SF-P3O-v1,HalfCheetah-v4,0
388000,reward,388,361.20719607460546,233.195,SF-P3O-v1,HalfCheetah-v4,0
389000,reward,389,438.05251612833854,247.048,SF-P3O-v1,HalfCheetah-v4,0
390000,speed,691.79,10.22,SF-P3O-v1,HalfCheetah-v4,0
390000,reward,390,-232.1058022367259,204.205,SF-P3O-v1,HalfCheetah-v4,0
390001,spectral,0.052843,0.953182,0.6581,SF-P3O-v1,HalfCheetah-v4,0
391000,reward,391,-233.3056928632285,186.345,SF-P3O-v1,HalfCheetah-v4,0
392000,reward,392,-7.055624381832153,168.78,SF-P3O-v1,HalfCheetah-v4,0
393000,reward,393,554.4286951473398,188.344,SF-P3O-v1,HalfCheetah-v4,0
393216,loss,-0.03764177858829498,0.7087823152542114,SF-P3O-v1,HalfCheetah-v4,0
393216,diagnostics,0.0,63.84,8.9574,0.053449,0.953022,0.6315,0.115097,SF-P3O-v1,HalfCheetah-v4,0
394000,reward,394,414.487328309644,195.359,SF-P3O-v1,HalfCheetah-v4,0
395000,reward,395,-282.5250739086742,137.186,SF-P3O-v1,HalfCheetah-v4,0
396000,reward,396,57.66346693220552,105.615,SF-P3O-v1,HalfCheetah-v4,0
397000,reward,397,293.80801331074554,136.466,SF-P3O-v1,HalfCheetah-v4,0
398000,reward,398,523.8340355066509,152.728,SF-P3O-v1,HalfCheetah-v4,0
399000,reward,399,453.0167055220213,154.225,SF-P3O-v1,HalfCheetah-v4,0
400000,speed,683.59,10.46,SF-P3O-v1,HalfCheetah-v4,0
400000,reward,400,139.7829956565742,191.413,SF-P3O-v1,HalfCheetah-v4,0
400001,spectral,0.053449,0.953022,0.6315,SF-P3O-v1,HalfCheetah-v4,0
401000,reward,401,104.02874756228059,225.147,SF-P3O-v1,HalfCheetah-v4,0
401408,loss,-0.16043922305107117,0.5963050127029419,SF-P3O-v1,HalfCheetah-v4,0
402000,reward,402,246.5153627292899,250.504,SF-P3O-v1,HalfCheetah-v4,0
403000,reward,403,-211.00679519945535,173.96,SF-P3O-v1,HalfCheetah-v4,0
404000,reward,404,109.29328921520033,143.441,SF-P3O-v1,HalfCheetah-v4,0
405000,reward,405,543.9781101142339,226.091,SF-P3O-v1,HalfCheetah-v4,0
406000,reward,406,346.27105607065903,254.952,SF-P3O-v1,HalfCheetah-v4,0
407000,reward,407,443.0888976838918,269.88,SF-P3O-v1,HalfCheetah-v4,0
408000,reward,408,603.6969482510078,277.867,SF-P3O-v1,HalfCheetah-v4,0
409000,reward,409,325.6999049215617,265.135,SF-P3O-v1,HalfCheetah-v4,0
409600,loss,-0.033839792013168335,0.6471827030181885,SF-P3O-v1,HalfCheetah-v4,0
409600,diagnostics,0.0,64.23,12.397,0.054896,0.952573,0.6423,0.114005,SF-P3O-v1,HalfCheetah-v4,0
410000,speed,451.76,10.83,SF-P3O-v1,HalfCheetah-v4,0
410000,reward,410,534.7964490830655,304.636,SF-P3O-v1,HalfCheetah-v4,0
410001,perturb,0.054896,0.952573,0.6423,29899,37947,0.304758,2,SF-P3O-v1,HalfCheetah-v4,0
411000,reward,411,244.6766962483208,318.701,SF-P3O-v1,HalfCheetah-v4,0
412000,reward,412,108.23704779463026,304.873,SF-P3O-v1,HalfCheetah-v4,0
413000,reward,413,154.7731801637768,341.451,SF-P3O-v1,HalfCheetah-v4,0
414000,reward,414,318.5717127084566,362.379,SF-P3O-v1,HalfCheetah-v4,0
415000,reward,415,441.82533418180515,352.164,SF-P3O-v1,HalfCheetah-v4,0
416000,reward,416,-208.29634302804394,296.707,SF-P3O-v1,HalfCheetah-v4,0
417000,reward,417,-49.83764192017469,247.414,SF-P3O-v1,HalfCheetah-v4,0
417792,loss,0.0012261420488357544,0.5429449081420898,SF-P3O-v1,HalfCheetah-v4,0
418000,reward,418,33.397161249312816,190.384,SF-P3O-v1,HalfCheetah-v4,0
419000,reward,419,367.73534477248165,194.588,SF-P3O-v1,HalfCheetah-v4,0
420000,speed,688.74,11.07,SF-P3O-v1,HalfCheetah-v4,0
420000,reward,420,281.8842764169574,169.297,SF-P3O-v1,HalfCheetah-v4,0
420001,spectral,0.05631,0.951461,0.6326,SF-P3O-v1,HalfCheetah-v4,0
421000,reward,421,-56.309284088606844,139.198,SF-P3O-v1,HalfCheetah-v4,0
422000,reward,422,470.1715562833391,175.392,SF-P3O-v1,HalfCheetah-v4,0
423000,reward,423,540.5457086173892,213.969,SF-P3O-v1,HalfCheetah-v4,0
424000,reward,424,-186.510020528752,163.461,SF-P3O-v1,HalfCheetah-v4,0
425000,reward,425,476.3582488096564,166.914,SF-P3O-v1,HalfCheetah-v4,0
425984,loss,-0.058545373380184174,0.5677703022956848,SF-P3O-v1,HalfCheetah-v4,0
425984,diagnostics,0.0,65.55,6.477,0.056716,0.95119,0.5998,0.126478,SF-P3O-v1,HalfCheetah-v4,0
426000,reward,426,25.12243533620449,190.256,SF-P3O-v1,HalfCheetah-v4,0
427000,reward,427,501.1989103068686,245.359,SF-P3O-v1,HalfCheetah-v4,0
428000,reward,428,90.37058549738289,251.057,SF-P3O-v1,HalfCheetah-v4,0
429000,reward,429,465.4768000150057,260.831,SF-P3O-v1,HalfCheetah-v4,0
430000,speed,690.64,11.31,SF-P3O-v1,HalfCheetah-v4,0
430000,reward,430,525.8789098755427,285.23,SF-P3O-v1,HalfCheetah-v4,0
430001,spectral,0.056716,0.95119,0.5998,SF-P3O-v1,HalfCheetah-v4,0
431000,reward,431,388.8776725345079,329.749,SF-P3O-v1,HalfCheetah-v4,0
432000,reward,432,-130.93521785033695,269.638,SF-P3O-v1,HalfCheetah-v4,0
433000,reward,433,380.37897370183657,253.622,SF-P3O-v1,HalfCheetah-v4,0
434000,reward,434,-138.4694744943866,258.426,SF-P3O-v1,HalfCheetah-v4,0
434176,loss,0.01775188557803631,0.7249331474304199,SF-P3O-v1,HalfCheetah-v4,0
435000,reward,435,313.44070050569525,242.134,SF-P3O-v1,HalfCheetah-v4,0
436000,reward,436,573.1903235597258,296.941,SF-P3O-v1,HalfCheetah-v4,0
437000,reward,437,448.5189187539554,291.673,SF-P3O-v1,HalfCheetah-v4,0
438000,reward,438,130.67768058115948,295.704,SF-P3O-v1,HalfCheetah-v4,0
439000,reward,439,477.2562654335867,296.881,SF-P3O-v1,HalfCheetah-v4,0
440000,speed,676.56,11.56,SF-P3O-v1,HalfCheetah-v4,0
440000,reward,440,423.67837730367137,286.661,SF-P3O-v1,HalfCheetah-v4,0
440001,spectral,0.057328,0.95127,0.5979,SF-P3O-v1,HalfCheetah-v4,0
441000,reward,441,395.4170553858299,287.315,SF-P3O-v1,HalfCheetah-v4,0
442000,reward,442,440.4668209197395,344.456,SF-P3O-v1,HalfCheetah-v4,0
442368,loss,-0.03793991729617119,0.619295060634613,SF-P3O-v1,HalfCheetah-v4,0
442368,diagnostics,0.0,65.9,9.4454,0.057848,0.95108,0.6089,0.11971,SF-P3O-v1,HalfCheetah-v4,0
443000,reward,443,600.9486926756441,366.513,SF-P3O-v1,HalfCheetah-v4,0
444000,reward,444,465.67160379116166,426.927,SF-P3O-v1,HalfCheetah-v4,0
445000,reward,445,536.2907196485154,449.212,SF-P3O-v1,HalfCheetah-v4,0
446000,reward,446,577.0462485415596,449.597,SF-P3O-v1,HalfCheetah-v4,0
447000,reward,447,-14.496181479880946,403.296,SF-P3O-v1,HalfCheetah-v4,0
448000,reward,448,-19.4929906583938,388.279,SF-P3O-v1,HalfCheetah-v4,0
449000,reward,449,192.78368992257938,359.831,SF-P3O-v1,HalfCheetah-v4,0
450000,speed,696.36,11.8,SF-P3O-v1,HalfCheetah-v4,0
450000,reward,450,236.24578346643034,341.088,SF-P3O-v1,HalfCheetah-v4,0
450001,spectral,0.057848,0.95108,0.6089,SF-P3O-v1,HalfCheetah-v4,0
450560,loss,-0.16066016256809235,0.7792487144470215,SF-P3O-v1,HalfCheetah-v4,0
451000,reward,451,592.2812955686529,360.775,SF-P3O-v1,HalfCheetah-v4,0
452000,reward,452,564.0000872125306,373.128,SF-P3O-v1,HalfCheetah-v4,0
453000,reward,453,258.4324649055481,338.876,SF-P3O-v1,HalfCheetah-v4,0
454000,reward,454,517.0189732484846,344.011,SF-P3O-v1,HalfCheetah-v4,0
455000,reward,455,707.6529498659344,361.147,SF-P3O-v1,HalfCheetah-v4,0
456000,reward,456,-209.43695022155103,282.499,SF-P3O-v1,HalfCheetah-v4,0
457000,reward,457,533.2409033321251,337.273,SF-P3O-v1,HalfCheetah-v4,0
458000,reward,458,629.5121075656796,402.173,SF-P3O-v1,HalfCheetah-v4,0
458752,loss,-0.07451590150594711,0.5422916412353516,SF-P3O-v1,HalfCheetah-v4,0
458752,diagnostics,0.0,66.23,6.5911,0.058776,0.950836,0.6541,0.115658,SF-P3O-v1,HalfCheetah-v4,0
459000,reward,459,96.20093187421207,392.515,SF-P3O-v1,HalfCheetah-v4,0
460000,speed,466.17,12.15,SF-P3O-v1,HalfCheetah-v4,0
460000,reward,460,377.8703522306971,406.677,SF-P3O-v1,HalfCheetah-v4,0
460001,perturb,0.058776,0.950836,0.6541,29289,38557,0.347132,3,SF-P3O-v1,HalfCheetah-v4,0
461000,reward,461,395.65817066792704,387.015,SF-P3O-v1,HalfCheetah-v4,0
462000,reward,462,-85.08570719861373,322.106,SF-P3O-v1,HalfCheetah-v4,0
463000,reward,463,-120.0649287047692,284.257,SF-P3O-v1,HalfCheetah-v4,0
464000,reward,464,-73.72717558543124,225.182,SF-P3O-v1,HalfCheetah-v4,0
465000,reward,465,78.88889513702044,162.306,SF-P3O-v1,HalfCheetah-v4,0
466000,reward,466,-4.536464301726902,182.796,SF-P3O-v1,HalfCheetah-v4,0
466944,loss,-0.0621330551803112,0.6538036465644836,SF-P3O-v1,HalfCheetah-v4,0
467000,reward,467,382.39445595012563,167.711,SF-P3O-v1,HalfCheetah-v4,0
468000,reward,468,-40.210398868896156,100.739,SF-P3O-v1,HalfCheetah-v4,0
469000,reward,469,-153.13353214208664,75.805,SF-P3O-v1,HalfCheetah-v4,0
470000,speed,701.33,12.39,SF-P3O-v1,HalfCheetah-v4,0
470000,reward,470,29.90641400120301,41.009,SF-P3O-v1,HalfCheetah-v4,0
470001,spectral,0.061259,0.949635,0.645,SF-P3O-v1,HalfCheetah-v4,0
471000,reward,471,-19.232503415231534,-0.48,SF-P3O-v1,HalfCheetah-v4,0
472000,reward,472,-132.45243694035045,-5.217,SF-P3O-v1,HalfCheetah-v4,0
473000,reward,473,116.36397412966666,18.426,SF-P3O-v1,HalfCheetah-v4,0
474000,reward,474,-59.40927707829899,19.858,SF-P3O-v1,HalfCheetah-v4,0
475000,reward,475,-53.54293141648774,6.615,SF-P3O-v1,HalfCheetah-v4,0
475136,loss,-0.05502490699291229,0.6274484395980835,SF-P3O-v1,HalfCheetah-v4,0
475136,diagnostics,0.0,67.88,5.7803,0.061692,0.949468,0.6493,0.119378,SF-P3O-v1,HalfCheetah-v4,0
476000,reward,476,416.10715356622666,48.679,SF-P3O-v1,HalfCheetah-v4,0
477000,reward,477,490.6130770835824,59.501,SF-P3O-v1,HalfCheetah-v4,0
478000,reward,478,328.944239575338,96.416,SF-P3O-v1,HalfCheetah-v4,0
479000,reward,479,192.00013978403132,130.93,SF-P3O-v1,HalfCheetah-v4,0
480000,speed,685.85,12.63,SF-P3O-v1,HalfCheetah-v4,0
480000,reward,480,370.48712747394893,164.988,SF-P3O-v1,HalfCheetah-v4,0
480001,spectral,0.061692,0.949468,0.6493,SF-P3O-v1,HalfCheetah-v4,0
481000,reward,481,108.73078272542506,177.784,SF-P3O-v1,HalfCheetah-v4,0
482000,reward,482,208.20954371709405,211.85,SF-P3O-v1,HalfCheetah-v4,0
483000,reward,483,399.2405769306346,240.138,SF-P3O-v1,HalfCheetah-v4,0
483328,loss,-0.1368713676929474,0.6447643041610718,SF-P3O-v1,HalfCheetah-v4,0
484000,reward,484,-12.441702766130454,244.835,SF-P3O-v1,HalfCheetah-v4,0
485000,reward,485,614.5742363449779,311.647,SF-P3O-v1,HalfCheetah-v4,0
486000,reward,486,159.11778054959728,285.948,SF-P3O-v1,HalfCheetah-v4,0
487000,reward,487,236.84968890835088,260.571,SF-P3O-v1,HalfCheetah-v4,0
488000,reward,488,504.8461469819065,278.161,SF-P3O-v1,HalfCheetah-v4,0
489000,reward,489,737.2755313421486,332.689,SF-P3O-v1,HalfCheetah-v4,0
490000,speed,688.94,12.88,SF-P3O-v1,HalfCheetah-v4,0
490000,reward,490,93.85163829466607,305.025,SF-P3O-v1,HalfCheetah-v4,0
490001,spectral,0.062056,0.949664,0.6668,SF-P3O-v1,HalfCheetah-v4,0
491000,reward,491,63.915748139162005,300.544,SF-P3O-v1,HalfCheetah-v4,0
491520,loss,-0.12760865688323975,0.6969061493873596,SF-P3O-v1,HalfCheetah-v4,0
491520,diagnostics,0.0,68.18,15.1901,0.062667,0.949593,0.6622,0.116369,SF-P3O-v1,HalfCheetah-v4,0
492000,reward,492,-75.27587436998037,272.195,SF-P3O-v1,HalfCheetah-v4,0
493000,reward,493,669.1382253929281,299.185,SF-P3O-v1,HalfCheetah-v4,0
494000,reward,494,272.40659506598263,327.67,SF-P3O-v1,HalfCheetah-v4,0
495000,reward,495,417.6940633541351,307.982,SF-P3O-v1,HalfCheetah-v4,0
496000,reward,496,413.5519447592085,333.425,SF-P3O-v1,HalfCheetah-v4,0
497000,reward,497,-36.430629036853915,306.097,SF-P3O-v1,HalfCheetah-v4,0
498000,reward,498,600.7395588915135,315.687,SF-P3O-v1,HalfCheetah-v4,0
499000,reward,499,40.42725807790398,246.002,SF-P3O-v1,HalfCheetah-v4,0
499712,loss,-0.006711665540933609,0.572750449180603,SF-P3O-v1,HalfCheetah-v4,0
500000,speed,437.66,13.26,SF-P3O-v1,HalfCheetah-v4,0
500000,reward,500,129.57259611060746,249.574,SF-P3O-v1,HalfCheetah-v4,0
500001,spectral,0.063046,0.94972,0.6571,SF-P3O-v1,HalfCheetah-v4,0
501000,reward,501,232.98601941780277,266.481,SF-P3O-v1,HalfCheetah-v4,0
502000,reward,502,3.1121094071338433,274.32,SF-P3O-v1,HalfCheetah-v4,0
503000,reward,503,215.08292387157903,228.914,SF-P3O-v1,HalfCheetah-v4,0
504000,reward,504,-34.95983290414484,198.178,SF-P3O-v1,HalfCheetah-v4,0
505000,reward,505,281.19857105133593,184.528,SF-P3O-v1,HalfCheetah-v4,0
506000,reward,506,-8.222824913693103,142.351,SF-P3O-v1,HalfCheetah-v4,0
507000,reward,507,-17.402908401119987,144.253,SF-P3O-v1,HalfCheetah-v4,0
507904,loss,-0.06566321104764938,0.7535228133201599,SF-P3O-v1,HalfCheetah-v4,0
507904,diagnostics,0.0,68.53,5.4556,0.06368,0.949469,0.6426,0.114128,SF-P3O-v1,HalfCheetah-v4,0
508000,reward,508,47.66738999240725,88.946,SF-P3O-v1,HalfCheetah-v4,0
509000,reward,509,127.7330255360804,97.677,SF-P3O-v1,HalfCheetah-v4,0
510000,speed,684.53,13.5,SF-P3O-v1,HalfCheetah-v4,0
510000,reward,510,99.09123761651601,94.629,SF-P3O-v1,HalfCheetah-v4,0
510001,perturb,0.06368,0.949469,0.6426,28544,39302,0.419646,4,SF-P3O-v1,HalfCheetah-v4,0
511000,reward,511,-35.880551098731814,67.742,SF-P3O-v1,HalfCheetah-v4,0
512000,reward,512,134.46709696104625,80.877,SF-P3O-v1,HalfCheetah-v4,0
513000,reward,513,251.39838499159225,84.509,SF-P3O-v1,HalfCheetah-v4,0
514000,reward,514,190.0713180306267,107.012,SF-P3O-v1,HalfCheetah-v4,0
515000,reward,515,-11.58071946486615,77.734,SF-P3O-v1,HalfCheetah-v4,0
516000,reward,516,288.3508646776954,107.392,SF-P3O-v1,HalfCheetah-v4,0
516096,loss,-0.009129397571086884,0.6039021015167236,SF-P3O-v1,HalfCheetah-v4,0
517000,reward,517,16.984081206032847,110.83,SF-P3O-v1,HalfCheetah-v4,0
518000,reward,518,295.304875268535,135.594,SF-P3O-v1,HalfCheetah-v4,0
519000,reward,519,37.885380025931774,126.609,SF-P3O-v1,HalfCheetah-v4,0
520000,speed,708.13,13.74,SF-P3O-v1,HalfCheetah-v4,0
520000,reward,520,199.56888370617594,136.657,SF-P3O-v1,HalfCheetah-v4,0
520001,spectral,0.065787,0.948378,0.6868,SF-P3O-v1,HalfCheetah-v4,0
521000,reward,521,7.932797064858448,141.038,SF-P3O-v1,HalfCheetah-v4,0
522000,reward,522,-43.725124085483834,123.219,SF-P3O-v1,HalfCheetah-v4,0
523000,reward,523,619.4201183420673,160.021,SF-P3O-v1,HalfCheetah-v4,0
524000,reward,524,173.50466390112075,158.365,SF-P3O-v1,HalfCheetah-v4,0
524288,loss,-0.016482200473546982,0.7358865141868591,SF-P3O-v1,HalfCheetah-v4,0
524288,diagnostics,0.0,70.52,11.6025,0.066227,0.948276,0.7208,0.12544,SF-P3O-v1,HalfCheetah-v4,0
525000,reward,525,39.344588516443075,163.457,SF-P3O-v1,HalfCheetah-v4,0
526000,reward,526,126.02366486941278,147.224,SF-P3O-v1,HalfCheetah-v4,0
527000,reward,527,580.0306599889968,203.529,SF-P3O-v1,HalfCheetah-v4,0
528000,reward,528,38.76423807492883,177.875,SF-P3O-v1,HalfCheetah-v4,0
529000,reward,529,477.60807578819754,221.847,SF-P3O-v1,HalfCheetah-v4,0
530000,speed,688.0,13.98,SF-P3O-v1,HalfCheetah-v4,0
530000,reward,530,561.1520364451992,258.006,SF-P3O-v1,HalfCheetah-v4,0
530001,spectral,0.066227,0.948276,0.7208,SF-P3O-v1,HalfCheetah-v4,0
531000,reward,531,241.02171245927946,281.314,SF-P3O-v1,HalfCheetah-v4,0
532000,reward,532,432.2718962880565,328.914,SF-P3O-v1,HalfCheetah-v4,0
532480,loss,-0.059740882366895676,0.7333018779754639,SF-P3O-v1,HalfCheetah-v4,0
533000,reward,533,64.43065112579954,273.415,SF-P3O-v1,HalfCheetah-v4,0
534000,reward,534,46.40838372701185,260.706,SF-P3O-v1,HalfCheetah-v4,0
535000,reward,535,78.14138233680741,264.585,SF-P3O-v1,HalfCheetah-v4,0
536000,reward,536,-10.810760429590832,250.902,SF-P3O-v1,HalfCheetah-v4,0
537000,reward,537,209.20575375198655,213.819,SF-P3O-v1,HalfCheetah-v4,0
538000,reward,538,34.217790424569785,213.365,SF-P3O-v1,HalfCheetah-v4,0
539000,reward,539,-14.383022355929114,164.166,SF-P3O-v1,HalfCheetah-v4,0
540000,speed,689.87,14.22,SF-P3O-v1,HalfCheetah-v4,0
540000,reward,540,291.9363915859889,137.244,SF-P3O-v1,HalfCheetah-v4,0
540001,spectral,0.066654,0.948191,0.7297,SF-P3O-v1,HalfCheetah-v4,0
540672,loss,-0.14773687720298767,0.8242440223693848,SF-P3O-v1,HalfCheetah-v4,0
540672,diagnostics,0.0,70.82,8.3109,0.067175,0.948305,0.7228,0.118005,SF-P3O-v1,HalfCheetah-v4,0
541000,reward,541,41.69429188432875,117.311,SF-P3O-v1,HalfCheetah-v4,0
542000,reward,542,387.2410332478052,112.808,SF-P3O-v1,HalfCheetah-v4,0
543000,reward,543,53.13650983799625,111.679,SF-P3O-v1,HalfCheetah-v4,0
544000,reward,544,58.88662728555127,112.927,SF-P3O-v1,HalfCheetah-v4,0
545000,reward,545,151.90186291423845,120.303,SF-P3O-v1,HalfCheetah-v4,0
546000,reward,546,396.67324247234853,161.051,SF-P3O-v1,HalfCheetah-v4,0
547000,reward,547,91.10533922267948,149.241,SF-P3O-v1,HalfCheetah-v4,0
548000,reward,548,61.785187944324676,151.998,SF-P3O-v1,HalfCheetah-v4,0
548864,loss,0.048169203102588654,0.6092957258224487,SF-P3O-v1,HalfCheetah-v4,0
549000,reward,549,-5.696674580451393,152.866,SF-P3O-v1,HalfCheetah-v4,0
550000,speed,451.8,14.59,SF-P3O-v1,HalfCheetah-v4,0
550000,reward,550,344.64226187726246,158.137,SF-P3O-v1,HalfCheetah-v4,0
550001,spectral,0.067403,0.948363,0.7139,SF-P3O-v1,HalfCheetah-v4,0
551000,reward,551,623.9753379874239,216.365,SF-P3O-v1,HalfCheetah-v4,0
552000,reward,552,284.2991424083168,206.071,SF-P3O-v1,HalfCheetah-v4,0
553000,reward,553,551.9828346075584,255.956,SF-P3O-v1,HalfCheetah-v4,0
554000,reward,554,73.94770097080992,257.462,SF-P3O-v1,HalfCheetah-v4,0
555000,reward,555,318.4357293110535,274.115,SF-P3O-v1,HalfCheetah-v4,0
556000,reward,556,211.66366987673717,255.614,SF-P3O-v1,HalfCheetah-v4,0
557000,reward,557,582.9932346679484,304.803,SF-P3O-v1,HalfCheetah-v4,0
557056,loss,-0.11832112073898315,0.8328671455383301,SF-P3O-v1,HalfCheetah-v4,0
557056,diagnostics,0.0,71.07,15.5962,0.067603,0.948176,0.686,0.114787,SF-P3O-v1,HalfCheetah-v4,0
558000,reward,558,504.4105655542443,349.065,SF-P3O-v1,HalfCheetah-v4,0
559000,reward,559,590.301437793107,408.665,SF-P3O-v1,HalfCheetah-v4,0
560000,speed,691.59,14.83,SF-P3O-v1,HalfCheetah-v4,0
560000,reward,560,542.6647533761966,428.467,SF-P3O-v1,HalfCheetah-v4,0
560001,perturb,0.067603,0.948176,0.686,27970,39876,0.475139,5,SF-P3O-v1,HalfCheetah-v4,0
561000,reward,561,62.02364401710513,372.272,SF-P3O-v1,HalfCheetah-v4,0
562000,reward,562,610.412228258637,404.884,SF-P3O-v1,HalfCheetah-v4,0
563000,reward,563,574.2389537379169,407.109,SF-P3O-v1,HalfCheetah-v4,0
564000,reward,564,489.14850541368014,448.629,SF-P3O-v1,HalfCheetah-v4,0
565000,reward,565,106.66163791662298,427.452,SF-P3O-v1,HalfCheetah-v4,0
565248,loss,-0.09538442641496658,0.7119749784469604,SF-P3O-v1,HalfCheetah-v4,0
566000,reward,566,571.5288352021499,463.438,SF-P3O-v1,HalfCheetah-v4,0
567000,reward,567,652.4397773855397,470.383,SF-P3O-v1,HalfCheetah-v4,0
568000,reward,568,581.4557312797822,478.088,SF-P3O-v1,HalfCheetah-v4,0
569000,reward,569,98.40771515843274,428.898,SF-P3O-v1,HalfCheetah-v4,0
570000,speed,704.57,15.07,SF-P3O-v1,HalfCheetah-v4,0
570000,reward,570,206.5910698679143,395.291,SF-P3O-v1,HalfCheetah-v4,0
570001,spectral,0.070123,0.946718,0.6933,SF-P3O-v1,HalfCheetah-v4,0
571000,reward,571,632.7569606783518,452.364,SF-P3O-v1,HalfCheetah-v4,0
572000,reward,572,486.12205994583996,439.935,SF-P3O-v1,HalfCheetah-v4,0
573000,reward,573,403.7882889753814,422.89,SF-P3O-v1,HalfCheetah-v4,0
573440,loss,-0.061931002885103226,0.7070542573928833,SF-P3O-v1,HalfCheetah-v4,0
573440,diagnostics,0.0,73.35,10.3389,0.070475,0.946682,0.6907,0.124813,SF-P3O-v1,HalfCheetah-v4,0
574000,reward,574,265.2331319893385,400.499,SF-P3O-v1,HalfCheetah-v4,0
575000,reward,575,70.01941472662173,396.834,SF-P3O-v1,HalfCheetah-v4,0
576000,reward,576,213.50865269500417,361.032,SF-P3O-v1,HalfCheetah-v4,0
577000,reward,577,127.10705651621942,308.499,SF-P3O-v1,HalfCheetah-v4,0
578000,reward,578,188.95403763437366,269.249,SF-P3O-v1,HalfCheetah-v4,0
579000,reward,579,663.7548506317884,325.784,SF-P3O-v1,HalfCheetah-v4,0
580000,speed,677.73,15.31,SF-P3O-v1,HalfCheetah-v4,0
580000,reward,580,696.020083182146,374.726,SF-P3O-v1,HalfCheetah-v4,0
580001,spectral,0.070475,0.946682,0.6907,SF-P3O-v1,HalfCheetah-v4,0
581000,reward,581,292.6058629071842,340.711,SF-P3O-v1,HalfCheetah-v4,0
581632,loss,-0.18307334184646606,0.8313403129577637,SF-P3O-v1,HalfCheetah-v4,0
582000,reward,582,751.5378456673207,367.253,SF-P3O-v1,HalfCheetah-v4,0
583000,reward,583,670.1325703703975,393.887,SF-P3O-v1,HalfCheetah-v4,0
584000,reward,584,792.9999394473118,446.664,SF-P3O-v1,HalfCheetah-v4,0
585000,reward,585,720.674728395638,511.73,SF-P3O-v1,HalfCheetah-v4,0
586000,reward,586,251.08419790128784,515.487,SF-P3O-v1,HalfCheetah-v4,0
587000,reward,587,671.1657363670815,569.893,SF-P3O-v1,HalfCheetah-v4,0
588000,reward,588,705.989597890346,621.597,SF-P3O-v1,HalfCheetah-v4,0
589000,reward,589,349.5897333437122,590.18,SF-P3O-v1,HalfCheetah-v4,0
589824,loss,-0.15190009772777557,0.6624531745910645,SF-P3O-v1,HalfCheetah-v4,0
589824,diagnostics,0.0,73.59,27.2566,0.071038,0.946411,0.6618,0.11768,SF-P3O-v1,HalfCheetah-v4,0
590000,speed,444.66,15.69,SF-P3O-v1,HalfCheetah-v4,0
590000,reward,590,893.2304718703467,609.901,SF-P3O-v1,HalfCheetah-v4,0
590001,spectral,0.071038,0.946411,0.6618,SF-P3O-v1,HalfCheetah-v4,0
591000,reward,591,86.23781809672384,589.264,SF-P3O-v1,HalfCheetah-v4,0
592000,reward,592,517.2803793557354,565.839,SF-P3O-v1,HalfCheetah-v4,0
593000,reward,593,524.9858667734503,551.324,SF-P3O-v1,HalfCheetah-v4,0
594000,reward,594,762.4817785508143,548.272,SF-P3O-v1,HalfCheetah-v4,0
595000,reward,595,847.6198131001671,560.967,SF-P3O-v1,HalfCheetah-v4,0
596000,reward,596,124.69717787107663,548.328,SF-P3O-v1,HalfCheetah-v4,0
597000,reward,597,581.2351797279437,539.335,SF-P3O-v1,HalfCheetah-v4,0
598000,reward,598,174.04497948628642,486.14,SF-P3O-v1,HalfCheetah-v4,0
598016,loss,-0.11287485063076019,0.575941264629364,SF-P3O-v1,HalfCheetah-v4,0
599000,reward,599,338.8405805644414,485.065,SF-P3O-v1,HalfCheetah-v4,0
600000,speed,692.99,15.93,SF-P3O-v1,HalfCheetah-v4,0
600000,reward,600,713.5640765886645,467.099,SF-P3O-v1,HalfCheetah-v4,0
600001,spectral,0.071437,0.946272,0.661,SF-P3O-v1,HalfCheetah-v4,0
601000,reward,601,392.6099335526825,497.736,SF-P3O-v1,HalfCheetah-v4,0
602000,reward,602,450.65069624907994,491.073,SF-P3O-v1,HalfCheetah-v4,0
603000,reward,603,904.4223436867551,529.017,SF-P3O-v1,HalfCheetah-v4,0
604000,reward,604,710.2153463418728,523.79,SF-P3O-v1,HalfCheetah-v4,0
605000,reward,605,435.8378735234891,482.612,SF-P3O-v1,HalfCheetah-v4,0
606000,reward,606,142.39248917072447,484.381,SF-P3O-v1,HalfCheetah-v4,0
606208,loss,-0.06203053519129753,0.801950216293335,SF-P3O-v1,HalfCheetah-v4,0
606208,diagnostics,0.0,73.9,15.9343,0.071765,0.945961,0.6741,0.113791,SF-P3O-v1,HalfCheetah-v4,0
607000,reward,607,276.25784077956064,453.884,SF-P3O-v1,HalfCheetah-v4,0
608000,reward,608,213.7782160514108,457.857,SF-P3O-v1,HalfCheetah-v4,0
609000,reward,609,718.9012694110397,495.863,SF-P3O-v1,HalfCheetah-v4,0
610000,speed,695.97,16.17,SF-P3O-v1,HalfCheetah-v4,0
610000,reward,610,222.92317058970548,446.799,SF-P3O-v1,HalfCheetah-v4,0
610001,perturb,0.071765,0.945961,0.6741,27376,40470,0.603591,6,SF-P3O-v1,HalfCheetah-v4,0
611000,reward,611,791.0830805066746,486.646,SF-P3O-v1,HalfCheetah-v4,0
612000,reward,612,182.0577648313161,459.787,SF-P3O-v1,HalfCheetah-v4,0
613000,reward,613,646.4452358512292,433.989,SF-P3O-v1,HalfCheetah-v4,0
614000,reward,614,681.1415073999533,431.082,SF-P3O-v1,HalfCheetah-v4,0
614400,loss,-0.022505324333906174,0.694485604763031,SF-P3O-v1,HalfCheetah-v4,0
615000,reward,615,427.16800943309096,430.215,SF-P3O-v1,HalfCheetah-v4,0
616000,reward,616,885.7157335413071,504.547,SF-P3O-v1,HalfCheetah-v4,0
617000,reward,617,307.8664065215896,507.708,SF-P3O-v1,HalfCheetah-v4,0
618000,reward,618,551.6352204925299,541.494,SF-P3O-v1,HalfCheetah-v4,0
619000,reward,619,209.89968006271124,490.594,SF-P3O-v1,HalfCheetah-v4,0
620000,speed,679.71,16.41,SF-P3O-v1,HalfCheetah-v4,0
620000,reward,620,1026.352269314191,570.936,SF-P3O-v1,HalfCheetah-v4,0
620001,spectral,0.07385,0.945114,0.6745,SF-P3O-v1,HalfCheetah-v4,0
621000,reward,621,833.7979035015642,575.208,SF-P3O-v1,HalfCheetah-v4,0
622000,reward,622,350.34704958893735,592.037,SF-P3O-v1,HalfCheetah-v4,0
622592,loss,-0.12468179315328598,0.7623631954193115,SF-P3O-v1,HalfCheetah-v4,0
622592,diagnostics,0.0,76.63,14.5321,0.074214,0.945143,0.6732,0.128016,SF-P3O-v1,HalfCheetah-v4,0
623000,reward,623,195.8144369566209,546.974,SF-P3O-v1,HalfCheetah-v4,0
624000,reward,624,207.41158504415176,499.601,SF-P3O-v1,HalfCheetah-v4,0
625000,reward,625,794.5238844286522,536.336,SF-P3O-v1,HalfCheetah-v4,0
626000,reward,626,635.0117143352021,511.266,SF-P3O-v1,HalfCheetah-v4,0
627000,reward,627,694.9013274330762,549.97,SF-P3O-v1,HalfCheetah-v4,0
628000,reward,628,325.9523145841499,527.401,SF-P3O-v1,HalfCheetah-v4,0
629000,reward,629,809.790329928596,587.39,SF-P3O-v1,HalfCheetah-v4,0
630000,speed,690.39,16.65,SF-P3O-v1,HalfCheetah-v4,0
630000,reward,630,284.19337991704583,513.174,SF-P3O-v1,HalfCheetah-v4,0
630001,spectral,0.074214,0.945143,0.6732,SF-P3O-v1,HalfCheetah-v4,0
630784,loss,-0.0869658887386322,0.8083328604698181,SF-P3O-v1,HalfCheetah-v4,0
631000,reward,631,178.15394843039388,447.61,SF-P3O-v1,HalfCheetah-v4,0
632000,reward,632,752.8935867899557,487.865,SF-P3O-v1,HalfCheetah-v4,0
633000,reward,633,456.4994635384593,513.933,SF-P3O-v1,HalfCheetah-v4,0
634000,reward,634,236.14680529420048,516.807,SF-P3O-v1,HalfCheetah-v4,0
635000,reward,635,205.17670683613756,457.872,SF-P3O-v1,HalfCheetah-v4,0
636000,reward,636,182.96735911899975,412.668,SF-P3O-v1,HalfCheetah-v4,0
637000,reward,637,412.0958549474144,384.387,SF-P3O-v1,HalfCheetah-v4,0
638000,reward,638,979.4693452304805,449.739,SF-P3O-v1,HalfCheetah-v4,0
638976,loss,-0.08262927830219269,0.761658787727356,SF-P3O-v1,HalfCheetah-v4,0
638976,diagnostics,0.0,76.91,10.4853,0.074836,0.944923,0.6655,0.119629,SF-P3O-v1,HalfCheetah-v4,0
639000,reward,639,633.2138456522961,432.081,SF-P3O-v1,HalfCheetah-v4,0
640000,speed,440.47,17.03,SF-P3O-v1,HalfCheetah-v4,0
640000,reward,640,139.96751932457505,417.658,SF-P3O-v1,HalfCheetah-v4,0
640001,spectral,0.074836,0.944923,0.6655,SF-P3O-v1,HalfCheetah-v4,0
641000,reward,641,933.2540511017036,493.168,SF-P3O-v1,HalfCheetah-v4,0
642000,reward,642,861.6015091199047,504.039,SF-P3O-v1,HalfCheetah-v4,0
643000,reward,643,357.3774200814554,494.127,SF-P3O-v1,HalfCheetah-v4,0
644000,reward,644,633.7255847986646,533.885,SF-P3O-v1,HalfCheetah-v4,0
645000,reward,645,419.3175157225904,555.299,SF-P3O-v1,HalfCheetah-v4,0
646000,reward,646,216.31784371547866,558.634,SF-P3O-v1,HalfCheetah-v4,0
647000,reward,647,237.30563412589308,541.155,SF-P3O-v1,HalfCheetah-v4,0
647168,loss,-0.11613019555807114,0.5410304665565491,SF-P3O-v1,HalfCheetah-v4,0
648000,reward,648,225.72458669551662,465.781,SF-P3O-v1,HalfCheetah-v4,0
649000,reward,649,249.48181785120096,427.407,SF-P3O-v1,HalfCheetah-v4,0
650000,speed,686.79,17.28,SF-P3O-v1,HalfCheetah-v4,0
650000,reward,650,185.79551560696262,431.99,SF-P3O-v1,HalfCheetah-v4,0
650001,spectral,0.075041,0.944801,0.6597,SF-P3O-v1,HalfCheetah-v4,0
651000,reward,651,286.87380119637595,367.352,SF-P3O-v1,HalfCheetah-v4,0
652000,reward,652,268.770411790354,308.069,SF-P3O-v1,HalfCheetah-v4,0
653000,reward,653,275.72784159880285,299.904,SF-P3O-v1,HalfCheetah-v4,0
654000,reward,654,921.198783108527,328.651,SF-P3O-v1,HalfCheetah-v4,0
655000,reward,655,704.6519259410605,357.185,SF-P3O-v1,HalfCheetah-v4,0
655360,loss,-0.1357458382844925,0.6330519914627075,SF-P3O-v1,HalfCheetah-v4,0
655360,diagnostics,0.0,77.2,11.8022,0.075723,0.944509,0.6696,0.116826,SF-P3O-v1,HalfCheetah-v4,0
656000,reward,656,322.4582086685292,367.799,SF-P3O-v1,HalfCheetah-v4,0
657000,reward,657,297.69704115006255,373.838,SF-P3O-v1,HalfCheetah-v4,0
658000,reward,658,274.17800826265113,378.683,SF-P3O-v1,HalfCheetah-v4,0
659000,reward,659,249.16512890175994,378.652,SF-P3O-v1,HalfCheetah-v4,0
660000,speed,684.34,17.52,SF-P3O-v1,HalfCheetah-v4,0
660000,reward,660,1021.4506357658015,462.217,SF-P3O-v1,HalfCheetah-v4,0
660001,perturb,0.075723,0.944509,0.6696,26827,41019,0.703502,7,SF-P3O-v1,HalfCheetah-v4,0
661000,reward,661,498.4256555144541,483.372,SF-P3O-v1,HalfCheetah-v4,0
662000,reward,662,546.8151183777215,511.177,SF-P3O-v1,HalfCheetah-v4,0
663000,reward,663,258.01093274904036,509.405,SF-P3O-v1,HalfCheetah-v4,0
663552,loss,0.07245086878538132,0.7183980345726013,SF-P3O-v1,HalfCheetah-v4,0
664000,reward,664,278.6751238172509,445.153,SF-P3O-v1,HalfCheetah-v4,0
665000,reward,665,901.177531251493,464.805,SF-P3O-v1,HalfCheetah-v4,0
666000,reward,666,508.27686337495294,483.387,SF-P3O-v1,HalfCheetah-v4,0
667000,reward,667,944.9283051349826,548.11,SF-P3O-v1,HalfCheetah-v4,0
668000,reward,668,898.1382380507374,610.506,SF-P3O-v1,HalfCheetah-v4,0
669000,reward,669,813.9377250771529,666.984,SF-P3O-v1,HalfCheetah-v4,0
670000,speed,685.14,17.76,SF-P3O-v1,HalfCheetah-v4,0
670000,reward,670,799.1233169440588,644.751,SF-P3O-v1,HalfCheetah-v4,0
670001,spectral,0.07804,0.943226,0.6877,SF-P3O-v1,HalfCheetah-v4,0
671000,reward,671,735.7807903570465,668.486,SF-P3O-v1,HalfCheetah-v4,0
671744,loss,0.013107409700751305,0.8146891593933105,SF-P3O-v1,HalfCheetah-v4,0
671744,diagnostics,0.0,80.26,14.4403,0.078442,0.942907,0.6871,0.126485,SF-P3O-v1,HalfCheetah-v4,0
672000,reward,672,606.0646368769504,674.411,SF-P3O-v1,HalfCheetah-v4,0
673000,reward,673,783.8180789536373,726.992,SF-P3O-v1,HalfCheetah-v4,0
674000,reward,674,894.8902950330797,788.614,SF-P3O-v1,HalfCheetah-v4,0
675000,reward,675,921.7229724051388,790.668,SF-P3O-v1,HalfCheetah-v4,0
676000,reward,676,884.9213497413806,828.333,SF-P3O-v1,HalfCheetah-v4,0
677000,reward,677,502.99262584019675,784.139,SF-P3O-v1,HalfCheetah-v4,0
678000,reward,678,662.2010569140551,760.545,SF-P3O-v1,HalfCheetah-v4,0
679000,reward,679,944.539677031886,773.605,SF-P3O-v1,HalfCheetah-v4,0
679936,loss,-0.20776259899139404,0.7361365556716919,SF-P3O-v1,HalfCheetah-v4,0
680000,speed,442.6,18.14,SF-P3O-v1,HalfCheetah-v4,0
680000,reward,680,895.137379868905,783.207,SF-P3O-v1,HalfCheetah-v4,0
680001,spectral,0.07882,0.942781,0.6647,SF-P3O-v1,HalfCheetah-v4,0
681000,reward,681,917.8115193784425,801.41,SF-P3O-v1,HalfCheetah-v4,0
682000,reward,682,140.52447850945342,754.856,SF-P3O-v1,HalfCheetah-v4,0
683000,reward,683,831.2067077620318,759.595,SF-P3O-v1,HalfCheetah-v4,0
684000,reward,684,742.6604576990504,744.372,SF-P3O-v1,HalfCheetah-v4,0
685000,reward,685,965.774220903347,748.777,SF-P3O-v1,HalfCheetah-v4,0
686000,reward,686,1039.6910888844227,764.254,SF-P3O-v1,HalfCheetah-v4,0
687000,reward,687,801.1451101028639,794.069,SF-P3O-v1,HalfCheetah-v4,0
688000,reward,688,959.0780570989102,823.757,SF-P3O-v1,HalfCheetah-v4,0
688128,loss,-0.11466427147388458,0.5962841510772705,SF-P3O-v1,HalfCheetah-v4,0
688128,diagnostics,0.0,80.5,12.0799,0.079143,0.942644,0.6678,0.121655,SF-P3O-v1,HalfCheetah-v4,0
689000,reward,689,869.1919838823438,816.222,SF-P3O-v1,HalfCheetah-v4,0
690000,speed,678.9,18.38,SF-P3O-v1,HalfCheetah-v4,0
690000,reward,690,474.69048928152074,774.177,SF-P3O-v1,HalfCheetah-v4,0
690001,spectral,0.079143,0.942644,0.6678,SF-P3O-v1,HalfCheetah-v4,0
691000,reward,691,237.4336373366172,706.14,SF-P3O-v1,HalfCheetah-v4,0
692000,reward,692,1003.286339899973,792.416,SF-P3O-v1,HalfCheetah-v4,0
693000,reward,693,765.9540614798506,785.891,SF-P3O-v1,HalfCheetah-v4,0
694000,reward,694,1028.4295780603284,814.467,SF-P3O-v1,HalfCheetah-v4,0
695000,reward,695,983.3450207714752,816.225,SF-P3O-v1,HalfCheetah-v4,0
696000,reward,696,267.73593709816254,739.029,SF-P3O-v1,HalfCheetah-v4,0
696320,loss,-0.04723881185054779,0.5895737409591675,SF-P3O-v1,HalfCheetah-v4,0
697000,reward,697,912.4295853810579,750.157,SF-P3O-v1,HalfCheetah-v4,0
698000,reward,698,975.7608236443292,751.826,SF-P3O-v1,HalfCheetah-v4,0
699000,reward,699,1043.4095993996568,769.248,SF-P3O-v1,HalfCheetah-v4,0
700000,speed,690.47,18.63,SF-P3O-v1,HalfCheetah-v4,0
700000,reward,700,926.877018414762,814.466,SF-P3O-v1,HalfCheetah-v4,0
700001,spectral,0.079437,0.942553,0.6557,SF-P3O-v1,HalfCheetah-v4,0
701000,reward,701,942.9015829680625,885.013,SF-P3O-v1,HalfCheetah-v4,0
702000,reward,702,219.34161837121525,806.618,SF-P3O-v1,HalfCheetah-v4,0
703000,reward,703,1025.2858128498244,832.552,SF-P3O-v1,HalfCheetah-v4,0
704000,reward,704,975.1874298701027,827.227,SF-P3O-v1,HalfCheetah-v4,0
704512,loss,0.042506519705057144,0.9141387343406677,SF-P3O-v1,HalfCheetah-v4,0
704512,diagnostics,0.0,80.72,22.4571,0.079675,0.942346,0.6744,0.118177,SF-P3O-v1,HalfCheetah-v4,0
705000,reward,705,1029.245362425143,831.817,SF-P3O-v1,HalfCheetah-v4,0
706000,reward,706,619.5109080437039,866.995,SF-P3O-v1,HalfCheetah-v4,0
707000,reward,707,849.5063891108017,860.703,SF-P3O-v1,HalfCheetah-v4,0
708000,reward,708,1010.0202526903187,864.129,SF-P3O-v1,HalfCheetah-v4,0
709000,reward,709,773.4050780694586,837.128,SF-P3O-v1,HalfCheetah-v4,0
710000,speed,681.8,18.87,SF-P3O-v1,HalfCheetah-v4,0
710000,reward,710,964.0166539771009,840.842,SF-P3O-v1,HalfCheetah-v4,0
710001,perturb,0.079675,0.942346,0.6744,26295,41551,0.602214,8,SF-P3O-v1,HalfCheetah-v4,0
711000,reward,711,548.5370450836331,801.406,SF-P3O-v1,HalfCheetah-v4,0
712000,reward,712,1027.0991052939007,882.181,SF-P3O-v1,HalfCheetah-v4,0
712704,loss,0.11274704337120056,0.7343497276306152,SF-P3O-v1,HalfCheetah-v4,0
713000,reward,713,892.3186119786037,868.885,SF-P3O-v1,HalfCheetah-v4,0
714000,reward,714,948.4153015973027,866.207,SF-P3O-v1,HalfCheetah-v4,0
715000,reward,715,930.7432953398139,856.357,SF-P3O-v1,HalfCheetah-v4,0
716000,reward,716,820.2752268907893,876.434,SF-P3O-v1,HalfCheetah-v4,0
717000,reward,717,928.7877581287557,884.362,SF-P3O-v1,HalfCheetah-v4,0
718000,reward,718,885.9927766631469,871.959,SF-P3O-v1,HalfCheetah-v4,0
719000,reward,719,896.9895777841737,884.318,SF-P3O-v1,HalfCheetah-v4,0
720000,speed,680.65,19.11,SF-P3O-v1,HalfCheetah-v4,0
720000,reward,720,160.568025706548,803.973,SF-P3O-v1,HalfCheetah-v4,0
720001,spectral,0.081271,0.941572,0.7,SF-P3O-v1,HalfCheetah-v4,0
720896,loss,-0.06032312661409378,0.5854744911193848,SF-P3O-v1,HalfCheetah-v4,0
720896,diagnostics,0.0,84.08,7.9776,0.081607,0.941527,0.7101,0.126978,SF-P3O-v1,HalfCheetah-v4,0
721000,reward,721,871.7883282163424,836.298,SF-P3O-v1,HalfCheetah-v4,0
722000,reward,722,654.6497993123487,799.053,SF-P3O-v1,HalfCheetah-v4,0
723000,reward,723,892.6550223630219,799.087,SF-P3O-v1,HalfCheetah-v4,0
724000,reward,724,935.4906874579513,797.794,SF-P3O-v1,HalfCheetah-v4,0
725000,reward,725,1013.6790415067729,806.088,SF-P3O-v1,HalfCheetah-v4,0
726000,reward,726,671.3891261138106,791.199,SF-P3O-v1,HalfCheetah-v4,0
727000,reward,727,968.7038561471015,795.191,SF-P3O-v1,HalfCheetah-v4,0
728000,reward,728,1116.6426486788864,818.256,SF-P3O-v1,HalfCheetah-v4,0
729000,reward,729,978.7865183895234,826.435,SF-P3O-v1,HalfCheetah-v4,0
729088,loss,-0.11101801693439484,0.5999825596809387,SF-P3O-v1,HalfCheetah-v4,0
730000,speed,447.13,19.49,SF-P3O-v1,HalfCheetah-v4,0
730000,reward,730,938.5947963411469,904.238,SF-P3O-v1,HalfCheetah-v4,0
730001,spectral,0.081918,0.941528,0.7191,SF-P3O-v1,HalfCheetah-v4,0
731000,reward,731,948.8840832297045,911.948,SF-P3O-v1,HalfCheetah-v4,0
732000,reward,732,663.6348925421421,912.846,SF-P3O-v1,HalfCheetah-v4,0
733000,reward,733,658.3013109614185,889.411,SF-P3O-v1,HalfCheetah-v4,0
734000,reward,734,902.1922405661915,886.081,SF-P3O-v1,HalfCheetah-v4,0
735000,reward,735,632.4700417295367,847.96,SF-P3O-v1,HalfCheetah-v4,0
736000,reward,736,1019.1460596820172,882.736,SF-P3O-v1,HalfCheetah-v4,0
737000,reward,737,343.0751429903975,820.173,SF-P3O-v1,HalfCheetah-v4,0
737280,loss,-0.12160009145736694,0.8675262928009033,SF-P3O-v1,HalfCheetah-v4,0
737280,diagnostics,0.0,84.31,16.1961,0.08209,0.941657,0.7159,0.124736,SF-P3O-v1,HalfCheetah-v4,0
738000,reward,738,996.117184671835,808.12,SF-P3O-v1,HalfCheetah-v4,0
739000,reward,739,1011.3562684063857,811.377,SF-P3O-v1,HalfCheetah-v4,0
740000,speed,693.73,19.73,SF-P3O-v1,HalfCheetah-v4,0
740000,reward,740,145.959692165169,732.114,SF-P3O-v1,HalfCheetah-v4,0
740001,spectral,0.08209,0.941657,0.7159,SF-P3O-v1,HalfCheetah-v4,0
741000,reward,741,278.1807519316208,665.043,SF-P3O-v1,HalfCheetah-v4,0
742000,reward,742,147.88786197310372,613.469,SF-P3O-v1,HalfCheetah-v4,0
743000,reward,743,870.0292975062387,634.641,SF-P3O-v1,HalfCheetah-v4,0
744000,reward,744,888.6935267560106,633.292,SF-P3O-v1,HalfCheetah-v4,0
745000,reward,745,666.4909833245624,636.694,SF-P3O-v1,HalfCheetah-v4,0
745472,loss,-0.06420793384313583,0.8495703935623169,SF-P3O-v1,HalfCheetah-v4,0
746000,reward,746,985.4961627146713,633.329,SF-P3O-v1,HalfCheetah-v4,0
747000,reward,747,587.7502456095436,657.796,SF-P3O-v1,HalfCheetah-v4,0
748000,reward,748,339.4821213733297,592.133,SF-P3O-v1,HalfCheetah-v4,0
749000,reward,749,674.5745624740188,558.455,SF-P3O-v1,HalfCheetah-v4,0
750000,speed,701.77,19.97,SF-P3O-v1,HalfCheetah-v4,0
750000,reward,750,788.7401897704175,622.733,SF-P3O-v1,HalfCheetah-v4,0
750001,spectral,0.082523,0.94123,0.7241,SF-P3O-v1,HalfCheetah-v4,0
751000,reward,751,566.135351712433,651.528,SF-P3O-v1,HalfCheetah-v4,0
752000,reward,752,1041.113927615142,740.851,SF-P3O-v1,HalfCheetah-v4,0
753000,reward,753,999.6128214497189,753.809,SF-P3O-v1,HalfCheetah-v4,0
753664,loss,-0.06778216361999512,0.85003262758255,SF-P3O-v1,HalfCheetah-v4,0
753664,diagnostics,0.0,84.56,14.9199,0.082871,0.941016,0.7024,0.124129,SF-P3O-v1,HalfCheetah-v4,0
754000,reward,754,761.7582415166472,741.115,SF-P3O-v1,HalfCheetah-v4,0
755000,reward,755,521.7347643889207,726.64,SF-P3O-v1,HalfCheetah-v4,0
756000,reward,756,246.77872573728388,652.768,SF-P3O-v1,HalfCheetah-v4,0
757000,reward,757,1191.4775436923474,713.141,SF-P3O-v1,HalfCheetah-v4,0
758000,reward,758,577.9152521189035,736.984,SF-P3O-v1,HalfCheetah-v4,0
759000,reward,759,769.3646913478781,746.463,SF-P3O-v1,HalfCheetah-v4,0
760000,speed,690.46,20.21,SF-P3O-v1,HalfCheetah-v4,0
760000,reward,760,993.4547449428278,766.935,SF-P3O-v1,HalfCheetah-v4,0
760001,perturb,0.082871,0.941016,0.7024,25876,41970,0.685623,9,SF-P3O-v1,HalfCheetah-v4,0
761000,reward,761,194.87367978271186,729.808,SF-P3O-v1,HalfCheetah-v4,0
761856,loss,-0.0674929991364479,0.4475022554397583,SF-P3O-v1,HalfCheetah-v4,0
762000,reward,762,351.8982713911598,660.887,SF-P3O-v1,HalfCheetah-v4,0
763000,reward,763,590.9248814606558,620.018,SF-P3O-v1,HalfCheetah-v4,0
764000,reward,764,1169.2064465344115,660.763,SF-P3O-v1,HalfCheetah-v4,0
765000,reward,765,270.7991962674171,635.669,SF-P3O-v1,HalfCheetah-v4,0
766000,reward,766,940.4135228739426,705.033,SF-P3O-v1,HalfCheetah-v4,0
767000,reward,767,-1.001969970577754,585.785,SF-P3O-v1,HalfCheetah-v4,0
768000,reward,768,211.30728435381985,549.124,SF-P3O-v1,HalfCheetah-v4,0
769000,reward,769,1004.313397117646,572.619,SF-P3O-v1,HalfCheetah-v4,0
770000,speed,666.43,20.46,SF-P3O-v1,HalfCheetah-v4,0
770000,reward,770,833.5592244825971,556.629,SF-P3O-v1,HalfCheetah-v4,0
770001,spectral,0.084553,0.939992,0.7162,SF-P3O-v1,HalfCheetah-v4,0
770048,loss,-0.06784404814243317,0.6025714874267578,SF-P3O-v1,HalfCheetah-v4,0
770048,diagnostics,0.0,88.13,10.2729,0.085018,0.939994,0.7286,0.131697,SF-P3O-v1,HalfCheetah-v4,0
771000,reward,771,209.16648759264365,558.059,SF-P3O-v1,HalfCheetah-v4,0
772000,reward,772,949.2312854019636,617.792,SF-P3O-v1,HalfCheetah-v4,0
773000,reward,773,-335.6190376731712,525.138,SF-P3O-v1,HalfCheetah-v4,0
774000,reward,774,1047.2374031362451,512.941,SF-P3O-v1,HalfCheetah-v4,0
775000,reward,775,1040.7254958335452,589.933,SF-P3O-v1,HalfCheetah-v4,0
776000,reward,776,731.269295982572,569.019,SF-P3O-v1,HalfCheetah-v4,0
777000,reward,777,605.9920425977169,629.718,SF-P3O-v1,HalfCheetah-v4,0
778000,reward,778,839.7017525003881,692.558,SF-P3O-v1,HalfCheetah-v4,0
778240,loss,-0.19154095649719238,0.3419005274772644,SF-P3O-v1,HalfCheetah-v4,0
779000,reward,779,1051.33914372465,697.26,SF-P3O-v1,HalfCheetah-v4,0
780000,speed,441.56,20.83,SF-P3O-v1,HalfCheetah-v4,0
780000,reward,780,447.10987729940086,658.615,SF-P3O-v1,HalfCheetah-v4,0
780001,spectral,0.085511,0.939891,0.7724,SF-P3O-v1,HalfCheetah-v4,0
781000,reward,781,442.2142817883986,681.92,SF-P3O-v1,HalfCheetah-v4,0
782000,reward,782,1151.036451712123,702.101,SF-P3O-v1,HalfCheetah-v4,0
783000,reward,783,1206.3138457703767,856.294,SF-P3O-v1,HalfCheetah-v4,0
784000,reward,784,603.3291069625154,811.903,SF-P3O-v1,HalfCheetah-v4,0
785000,reward,785,315.4845375144628,739.379,SF-P3O-v1,HalfCheetah-v4,0
786000,reward,786,661.7557221776042,732.428,SF-P3O-v1,HalfCheetah-v4,0
786432,loss,0.015690432861447334,0.7712447047233582,SF-P3O-v1,HalfCheetah-v4,0
786432,diagnostics,0.0,88.35,11.588,0.085843,0.939718,0.7649,0.125428,SF-P3O-v1,HalfCheetah-v4,0
787000,reward,787,1074.9260722018635,779.321,SF-P3O-v1,HalfCheetah-v4,0
788000,reward,788,759.4076409760893,771.292,SF-P3O-v1,HalfCheetah-v4,0
789000,reward,789,482.41114978286583,714.399,SF-P3O-v1,HalfCheetah-v4,0
790000,speed,677.05,21.08,SF-P3O-v1,HalfCheetah-v4,0
790000,reward,790,560.9068511436164,725.779,SF-P3O-v1,HalfCheetah-v4,0
790001,spectral,0.085843,0.939718,0.7649,SF-P3O-v1,HalfCheetah-v4,0
791000,reward,791,594.399845833208,740.997,SF-P3O-v1,HalfCheetah-v4,0
792000,reward,792,707.579704930599,696.651,SF-P3O-v1,HalfCheetah-v4,0
793000,reward,793,246.0578056391147,600.626,SF-P3O-v1,HalfCheetah-v4,0
794000,reward,794,1228.6037847342745,663.153,SF-P3O-v1,HalfCheetah-v4,0
794624,loss,-0.046015337109565735,0.5034410953521729,SF-P3O-v1,HalfCheetah-v4,0
795000,reward,795,228.42975641708045,654.448,SF-P3O-v1,HalfCheetah-v4,0
796000,reward,796,1030.1210260281898,691.284,SF-P3O-v1,HalfCheetah-v4,0
797000,reward,797,614.5869181197218,645.25,SF-P3O-v1,HalfCheetah-v4,0
798000,reward,798,1038.9012412453649,673.2,SF-P3O-v1,HalfCheetah-v4,0
799000,reward,799,1071.477785727694,732.106,SF-P3O-v1,HalfCheetah-v4,0
800000,speed,688.19,21.32,SF-P3O-v1,HalfCheetah-v4,0
800000,reward,800,323.5796564070772,708.374,SF-P3O-v1,HalfCheetah-v4,0
800001,spectral,0.086156,0.939523,0.7881,SF-P3O-v1,HalfCheetah-v4,0
801000,reward,801,1137.122470964041,762.646,SF-P3O-v1,HalfCheetah-v4,0
802000,reward,802,886.0788586348551,780.496,SF-P3O-v1,HalfCheetah-v4,0
802816,loss,0.006041703745722771,0.8583406209945679,SF-P3O-v1,HalfCheetah-v4,0
802816,diagnostics,0.0,88.55,42.129,0.086436,0.93936,0.8184,0.123261,SF-P3O-v1,HalfCheetah-v4,0
803000,reward,803,1159.9666792030885,871.887,SF-P3O-v1,HalfCheetah-v4,0
804000,reward,804,406.64612632428634,789.691,SF-P3O-v1,HalfCheetah-v4,0
805000,reward,805,1224.4343835070922,889.292,SF-P3O-v1,HalfCheetah-v4,0
806000,reward,806,1166.0238184461289,902.882,SF-P3O-v1,HalfCheetah-v4,0
807000,reward,807,328.58089235002967,874.281,SF-P3O-v1,HalfCheetah-v4,0
808000,reward,808,1042.7069291680687,874.662,SF-P3O-v1,HalfCheetah-v4,0
809000,reward,809,413.463566649168,808.86,SF-P3O-v1,HalfCheetah-v4,0
810000,speed,687.11,21.57,SF-P3O-v1,HalfCheetah-v4,0
810000,reward,810,1188.5442049512292,895.357,SF-P3O-v1,HalfCheetah-v4,0
810001,perturb,0.086436,0.93936,0.8184,25416,42430,0.699671,10,SF-P3O-v1,HalfCheetah-v4,0
811000,reward,811,961.8714936981787,877.832,SF-P3O-v1,HalfCheetah-v4,0
811008,loss,-0.0476885624229908,0.9191786050796509,SF-P3O-v1,HalfCheetah-v4,0
812000,reward,812,1006.6131659485353,889.885,SF-P3O-v1,HalfCheetah-v4,0
813000,reward,813,1065.2154914217201,880.41,SF-P3O-v1,HalfCheetah-v4,0
814000,reward,814,1019.6775747562349,941.713,SF-P3O-v1,HalfCheetah-v4,0
815000,reward,815,670.6078187766961,886.33,SF-P3O-v1,HalfCheetah-v4,0
816000,reward,816,716.1633430594322,841.344,SF-P3O-v1,HalfCheetah-v4,0
817000,reward,817,1129.5819308943858,921.445,SF-P3O-v1,HalfCheetah-v4,0
818000,reward,818,961.5108934752764,913.325,SF-P3O-v1,HalfCheetah-v4,0
819000,reward,819,617.3023729931375,933.709,SF-P3O-v1,HalfCheetah-v4,0
819200,loss,-0.08170749247074127,0.8005145788192749,SF-P3O-v1,HalfCheetah-v4,0
819200,diagnostics,0.0,92.46,13.9001,0.089379,0.937719,0.8346,0.131098,SF-P3O-v1,HalfCheetah-v4,0
820000,speed,444.58,21.94,SF-P3O-v1,HalfCheetah-v4,0
820000,reward,820,281.8510354332349,843.04,SF-P3O-v1,HalfCheetah-v4,0
820001,spectral,0.089379,0.937719,0.8346,SF-P3O-v1,HalfCheetah-v4,0
821000,reward,821,1006.3065910216653,847.483,SF-P3O-v1,HalfCheetah-v4,0
822000,reward,822,1116.2491355543693,858.447,SF-P3O-v1,HalfCheetah-v4,0
823000,reward,823,1198.919673595623,871.817,SF-P3O-v1,HalfCheetah-v4,0
824000,reward,824,1086.644101358377,878.514,SF-P3O-v1,HalfCheetah-v4,0
825000,reward,825,816.5496315943321,893.108,SF-P3O-v1,HalfCheetah-v4,0
826000,reward,826,798.0070031356802,901.292,SF-P3O-v1,HalfCheetah-v4,0
827000,reward,827,401.81332364901846,828.515,SF-P3O-v1,HalfCheetah-v4,0
827392,loss,-0.0915907621383667,0.8198309540748596,SF-P3O-v1,HalfCheetah-v4,0
828000,reward,828,1113.8280149645968,843.747,SF-P3O-v1,HalfCheetah-v4,0
829000,reward,829,1227.5152241802405,904.768,SF-P3O-v1,HalfCheetah-v4,0
830000,speed,692.4,22.18,SF-P3O-v1,HalfCheetah-v4,0
830000,reward,830,959.898946326429,972.573,SF-P3O-v1,HalfCheetah-v4,0
830001,spectral,0.089775,0.93751,0.8477,SF-P3O-v1,HalfCheetah-v4,0
831000,reward,831,970.0394385390546,968.946,SF-P3O-v1,HalfCheetah-v4,0
832000,reward,832,1093.1923559866937,966.641,SF-P3O-v1,HalfCheetah-v4,0
833000,reward,833,1137.947712734695,960.544,SF-P3O-v1,HalfCheetah-v4,0
834000,reward,834,1152.0406359422543,967.083,SF-P3O-v1,HalfCheetah-v4,0
835000,reward,835,995.3762729377056,984.966,SF-P3O-v1,HalfCheetah-v4,0
835584,loss,-0.025431277230381966,0.785025417804718,SF-P3O-v1,HalfCheetah-v4,0
835584,diagnostics,0.0,92.7,28.2131,0.090165,0.937248,0.8542,0.125919,SF-P3O-v1,HalfCheetah-v4,0
836000,reward,836,1013.6945683573406,1006.535,SF-P3O-v1,HalfCheetah-v4,0
837000,reward,837,1131.6165702965927,1079.515,SF-P3O-v1,HalfCheetah-v4,0
838000,reward,838,1169.1102263183034,1085.043,SF-P3O-v1,HalfCheetah-v4,0
839000,reward,839,1029.4155787737072,1065.233,SF-P3O-v1,HalfCheetah-v4,0
840000,speed,685.03,22.42,SF-P3O-v1,HalfCheetah-v4,0
840000,reward,840,454.24891853590657,1014.668,SF-P3O-v1,HalfCheetah-v4,0
840001,spectral,0.090165,0.937248,0.8542,SF-P3O-v1,HalfCheetah-v4,0
841000,reward,841,1159.9685149849174,1033.661,SF-P3O-v1,HalfCheetah-v4,0
842000,reward,842,921.2068083051163,1016.463,SF-P3O-v1,HalfCheetah-v4,0
843000,reward,843,1177.5104025125138,1020.419,SF-P3O-v1,HalfCheetah-v4,0
843776,loss,-0.09405805915594101,0.8889222145080566,SF-P3O-v1,HalfCheetah-v4,0
844000,reward,844,1151.0027565003043,1020.315,SF-P3O-v1,HalfCheetah-v4,0
845000,reward,845,1136.222106331233,1034.4,SF-P3O-v1,HalfCheetah-v4,0
846000,reward,846,994.5722071384039,1032.487,SF-P3O-v1,HalfCheetah-v4,0
847000,reward,847,972.3591728041268,1016.562,SF-P3O-v1,HalfCheetah-v4,0
848000,reward,848,1057.2375805811052,1005.374,SF-P3O-v1,HalfCheetah-v4,0
849000,reward,849,963.1947135626831,998.752,SF-P3O-v1,HalfCheetah-v4,0
850000,speed,707.05,22.66,SF-P3O-v1,HalfCheetah-v4,0
850000,reward,850,1174.2268417851155,1070.75,SF-P3O-v1,HalfCheetah-v4,0
850001,spectral,0.090432,0.937146,0.849,SF-P3O-v1,HalfCheetah-v4,0
851000,reward,851,1047.6399592401892,1059.517,SF-P3O-v1,HalfCheetah-v4,0
851968,loss,-0.0677146166563034,0.826195240020752,SF-P3O-v1,HalfCheetah-v4,0
851968,diagnostics,0.0,92.91,12.4298,0.090851,0.936917,0.8438,0.123203,SF-P3O-v1,HalfCheetah-v4,0
852000,reward,852,1180.068885834928,1085.403,SF-P3O-v1,HalfCheetah-v4,0
853000,reward,853,1121.0550469974987,1079.758,SF-P3O-v1,HalfCheetah-v4,0
854000,reward,854,1076.6636318075712,1072.324,SF-P3O-v1,HalfCheetah-v4,0
855000,reward,855,1130.5369029892925,1071.755,SF-P3O-v1,HalfCheetah-v4,0
856000,reward,856,1052.9695560347761,1077.595,SF-P3O-v1,HalfCheetah-v4,0
857000,reward,857,1111.8478765866037,1091.544,SF-P3O-v1,HalfCheetah-v4,0
858000,reward,858,1307.811013883202,1116.601,SF-P3O-v1,HalfCheetah-v4,0
859000,reward,859,1131.6752683990167,1133.449,SF-P3O-v1,HalfCheetah-v4,0
860000,speed,703.86,22.9,SF-P3O-v1,HalfCheetah-v4,0
860000,reward,860,628.7164102224398,1078.898,SF-P3O-v1,HalfCheetah-v4,0
860001,perturb,0.090851,0.936917,0.8438,24859,42987,0.979552,11,SF-P3O-v1,HalfCheetah-v4,0
860160,loss,-0.0986480861902237,1.034099817276001,SF-P3O-v1,HalfCheetah-v4,0
861000,reward,861,1123.4714431140442,1086.482,SF-P3O-v1,HalfCheetah-v4,0
862000,reward,862,1267.5116768895737,1095.226,SF-P3O-v1,HalfCheetah-v4,0
863000,reward,863,1054.8853403603366,1088.609,SF-P3O-v1,HalfCheetah-v4,0
864000,reward,864,1147.0401927473172,1095.647,SF-P3O-v1,HalfCheetah-v4,0
865000,reward,865,664.0103303465887,1048.994,SF-P3O-v1,HalfCheetah-v4,0
866000,reward,866,1147.2247266587192,1058.419,SF-P3O-v1,HalfCheetah-v4,0
867000,reward,867,1245.314970867284,1071.766,SF-P3O-v1,HalfCheetah-v4,0
868000,reward,868,743.0280157463857,1015.288,SF-P3O-v1,HalfCheetah-v4,0
868352,loss,-0.01145000010728836,0.8997307419776917,SF-P3O-v1,HalfCheetah-v4,0
868352,diagnostics,0.0,97.18,11.0742,0.092792,0.935838,0.87,0.124668,SF-P3O-v1,HalfCheetah-v4,0
869000,reward,869,1318.807139920364,1034.001,SF-P3O-v1,HalfCheetah-v4,0
870000,speed,448.37,23.27,SF-P3O-v1,HalfCheetah-v4,0
870000,reward,870,1090.3276651201277,1080.162,SF-P3O-v1,HalfCheetah-v4,0
870001,spectral,0.092792,0.935838,0.87,SF-P3O-v1,HalfCheetah-v4,0
871000,reward,871,818.5064395516424,1049.666,SF-P3O-v1,HalfCheetah-v4,0
872000,reward,872,1300.9370669555044,1053.008,SF-P3O-v1,HalfCheetah-v4,0
873000,reward,873,1141.5582405940559,1061.675,SF-P3O-v1,HalfCheetah-v4,0
874000,reward,874,1205.9894427799477,1067.57,SF-P3O-v1,HalfCheetah-v4,0
875000,reward,875,1108.2284108656427,1111.992,SF-P3O-v1,HalfCheetah-v4,0
876000,reward,876,1198.1733793017872,1117.087,SF-P3O-v1,HalfCheetah-v4,0
876544,loss,-0.09016607701778412,0.7545284032821655,SF-P3O-v1,HalfCheetah-v4,0
877000,reward,877,1204.7425763130268,1113.03,SF-P3O-v1,HalfCheetah-v4,0
878000,reward,878,1048.5512261431033,1143.582,SF-P3O-v1,HalfCheetah-v4,0
879000,reward,879,1241.4192696484638,1135.843,SF-P3O-v1,HalfCheetah-v4,0
880000,speed,708.32,23.5,SF-P3O-v1,HalfCheetah-v4,0
880000,reward,880,1227.8889609890507,1149.6,SF-P3O-v1,HalfCheetah-v4,0
880001,spectral,0.093094,0.935772,0.8593,SF-P3O-v1,HalfCheetah-v4,0
881000,reward,881,1066.938069661538,1174.443,SF-P3O-v1,HalfCheetah-v4,0
882000,reward,882,810.0322326238409,1125.352,SF-P3O-v1,HalfCheetah-v4,0
883000,reward,883,716.6782677134877,1082.864,SF-P3O-v1,HalfCheetah-v4,0
884000,reward,884,1249.4439544243585,1087.21,SF-P3O-v1,HalfCheetah-v4,0
884736,loss,-0.0925195962190628,0.7173822522163391,SF-P3O-v1,HalfCheetah-v4,0
884736,diagnostics,0.0,97.41,14.0764,0.093462,0.935923,0.8559,0.122551,SF-P3O-v1,HalfCheetah-v4,0
885000,reward,885,1066.5038234507952,1083.037,SF-P3O-v1,HalfCheetah-v4,0
886000,reward,886,1228.9125393905272,1086.111,SF-P3O-v1,HalfCheetah-v4,0
887000,reward,887,1306.6191147985903,1096.299,SF-P3O-v1,HalfCheetah-v4,0
888000,reward,888,1089.4599283973002,1100.39,SF-P3O-v1,HalfCheetah-v4,0
889000,reward,889,1240.4912849177801,1100.297,SF-P3O-v1,HalfCheetah-v4,0
890000,speed,701.51,23.74,SF-P3O-v1,HalfCheetah-v4,0
890000,reward,890,1446.1857156712097,1122.126,SF-P3O-v1,HalfCheetah-v4,0
890001,spectral,0.093462,0.935923,0.8559,SF-P3O-v1,HalfCheetah-v4,0
891000,reward,891,1288.9295043017667,1144.326,SF-P3O-v1,HalfCheetah-v4,0
892000,reward,892,1279.9344351896198,1191.316,SF-P3O-v1,HalfCheetah-v4,0
892928,loss,-0.07612478733062744,1.0893065929412842,SF-P3O-v1,HalfCheetah-v4,0
893000,reward,893,1246.7026634090362,1244.318,SF-P3O-v1,HalfCheetah-v4,0
894000,reward,894,1295.341093168372,1248.908,SF-P3O-v1,HalfCheetah-v4,0
895000,reward,895,1178.12286731878,1260.07,SF-P3O-v1,HalfCheetah-v4,0
896000,reward,896,206.94742104559162,1157.873,SF-P3O-v1,HalfCheetah-v4,0
897000,reward,897,1196.9145746281806,1146.903,SF-P3O-v1,HalfCheetah-v4,0
898000,reward,898,784.1981943795961,1116.377,SF-P3O-v1,HalfCheetah-v4,0
899000,reward,899,935.4284551058298,1085.87,SF-P3O-v1,HalfCheetah-v4,0
900000,speed,707.86,23.98,SF-P3O-v1,HalfCheetah-v4,0
900000,reward,900,1180.151538106631,1059.267,SF-P3O-v1,HalfCheetah-v4,0
900001,spectral,0.093923,0.935791,0.8644,SF-P3O-v1,HalfCheetah-v4,0
901000,reward,901,201.94924388090158,950.569,SF-P3O-v1,HalfCheetah-v4,0
901120,loss,0.019152041524648666,0.6504124402999878,SF-P3O-v1,HalfCheetah-v4,0
901120,diagnostics,0.0,97.63,17.3935,0.094412,0.935796,0.8673,0.121389,SF-P3O-v1,HalfCheetah-v4,0
902000,reward,902,1321.046898896193,954.68,SF-P3O-v1,HalfCheetah-v4,0
903000,reward,903,1141.3590322504401,944.146,SF-P3O-v1,HalfCheetah-v4,0
904000,reward,904,1194.482039131172,934.06,SF-P3O-v1,HalfCheetah-v4,0
905000,reward,905,1223.97557546239,938.645,SF-P3O-v1,HalfCheetah-v4,0
906000,reward,906,691.8221689581136,987.133,SF-P3O-v1,HalfCheetah-v4,0
907000,reward,907,1284.823576960063,995.924,SF-P3O-v1,HalfCheetah-v4,0
908000,reward,908,1130.7762597888454,1030.581,SF-P3O-v1,HalfCheetah-v4,0
909000,reward,909,1249.6111365553281,1062.0,SF-P3O-v1,HalfCheetah-v4,0
909312,loss,-0.09346185624599457,0.7395383715629578,SF-P3O-v1,HalfCheetah-v4,0
910000,speed,474.75,24.33,SF-P3O-v1,HalfCheetah-v4,0
910000,reward,910,1364.2016690104558,1080.405,SF-P3O-v1,HalfCheetah-v4,0
910001,perturb,0.094695,0.935841,0.8623,24384,43462,0.78188,12,SF-P3O-v1,HalfCheetah-v4,0
911000,reward,911,1189.402395225914,1179.15,SF-P3O-v1,HalfCheetah-v4,0
912000,reward,912,1200.7983554845077,1167.125,SF-P3O-v1,HalfCheetah-v4,0
913000,reward,913,982.546098379054,1151.244,SF-P3O-v1,HalfCheetah-v4,0
914000,reward,914,1259.9435174890982,1157.79,SF-P3O-v1,HalfCheetah-v4,0
915000,reward,915,1228.6379019934388,1158.256,SF-P3O-v1,HalfCheetah-v4,0
916000,reward,916,1146.7077682715762,1203.745,SF-P3O-v1,HalfCheetah-v4,0
917000,reward,917,1319.8733949627476,1207.25,SF-P3O-v1,HalfCheetah-v4,0
917504,loss,-0.13197362422943115,0.7265173196792603,SF-P3O-v1,HalfCheetah-v4,0
917504,diagnostics,0.0,101.87,36.7742,0.096096,0.934996,0.8527,0.133644,SF-P3O-v1,HalfCheetah-v4,0
918000,reward,918,1282.8142201372768,1222.454,SF-P3O-v1,HalfCheetah-v4,0
919000,reward,919,1082.0922875058432,1205.702,SF-P3O-v1,HalfCheetah-v4,0
920000,speed,710.23,24.56,SF-P3O-v1,HalfCheetah-v4,0
920000,reward,920,758.0038625764658,1145.082,SF-P3O-v1,HalfCheetah-v4,0
920001,spectral,0.096096,0.934996,0.8527,SF-P3O-v1,HalfCheetah-v4,0
921000,reward,921,540.2416168040761,1080.166,SF-P3O-v1,HalfCheetah-v4,0
922000,reward,922,1227.4991274519862,1082.836,SF-P3O-v1,HalfCheetah-v4,0
923000,reward,923,875.5544122942849,1072.137,SF-P3O-v1,HalfCheetah-v4,0
924000,reward,924,1391.8725442263583,1085.33,SF-P3O-v1,HalfCheetah-v4,0
925000,reward,925,921.5160750330459,1054.618,SF-P3O-v1,HalfCheetah-v4,0
925696,loss,-0.02665119245648384,0.8461897373199463,SF-P3O-v1,HalfCheetah-v4,0
926000,reward,926,1261.4536651612505,1066.092,SF-P3O-v1,HalfCheetah-v4,0
927000,reward,927,590.7960936749706,993.184,SF-P3O-v1,HalfCheetah-v4,0
928000,reward,928,994.307910236553,964.334,SF-P3O-v1,HalfCheetah-v4,0
929000,reward,929,1159.9628806215378,972.121,SF-P3O-v1,HalfCheetah-v4,0
930000,speed,705.86,24.8,SF-P3O-v1,HalfCheetah-v4,0
930000,reward,930,1006.1644703945451,996.937,SF-P3O-v1,HalfCheetah-v4,0
930001,spectral,0.096619,0.934811,0.8617,SF-P3O-v1,HalfCheetah-v4,0
931000,reward,931,1228.4719191077465,1065.76,SF-P3O-v1,HalfCheetah-v4,0
932000,reward,932,1212.3340773627415,1064.243,SF-P3O-v1,HalfCheetah-v4,0
933000,reward,933,1300.8988766078098,1106.778,SF-P3O-v1,HalfCheetah-v4,0
933888,loss,-0.0037007052451372147,0.6796705722808838,SF-P3O-v1,HalfCheetah-v4,0
933888,diagnostics,0.0,102.1,29.3443,0.097085,0.934627,0.8557,0.125375,SF-P3O-v1,HalfCheetah-v4,0
934000,reward,934,280.45820486181947,995.636,SF-P3O-v1,HalfCheetah-v4,0
935000,reward,935,1230.3912575018385,1026.524,SF-P3O-v1,HalfCheetah-v4,0
936000,reward,936,1134.155922881633,1013.794,SF-P3O-v1,HalfCheetah-v4,0
937000,reward,937,1067.5719923045854,1061.472,SF-P3O-v1,HalfCheetah-v4,0
938000,reward,938,1269.6679137753863,1089.008,SF-P3O-v1,HalfCheetah-v4,0
939000,reward,939,1218.2460935505976,1094.836,SF-P3O-v1,HalfCheetah-v4,0
940000,speed,686.9,25.04,SF-P3O-v1,HalfCheetah-v4,0
940000,reward,940,1180.4266122793538,1112.262,SF-P3O-v1,HalfCheetah-v4,0
940001,spectral,0.097085,0.934627,0.8557,SF-P3O-v1,HalfCheetah-v4,0
941000,reward,941,1296.271981352625,1119.042,SF-P3O-v1,HalfCheetah-v4,0
942000,reward,942,1150.029323648133,1112.812,SF-P3O-v1,HalfCheetah-v4,0
942080,loss,-0.05454561114311218,0.6995869278907776,SF-P3O-v1,HalfCheetah-v4,0
943000,reward,943,1174.5754877973827,1100.179,SF-P3O-v1,HalfCheetah-v4,0
944000,reward,944,1076.3500501949711,1179.769,SF-P3O-v1,HalfCheetah-v4,0
945000,reward,945,1123.0264899847664,1169.032,SF-P3O-v1,HalfCheetah-v4,0
946000,reward,946,1394.0135038052476,1195.018,SF-P3O-v1,HalfCheetah-v4,0
947000,reward,947,1279.94736581046,1216.255,SF-P3O-v1,HalfCheetah-v4,0
948000,reward,948,1255.4763142919383,1214.836,SF-P3O-v1,HalfCheetah-v4,0
949000,reward,949,1292.3590054302883,1222.248,SF-P3O-v1,HalfCheetah-v4,0
950000,speed,720.11,25.27,SF-P3O-v1,HalfCheetah-v4,0
950000,reward,950,1090.9003984169915,1213.295,SF-P3O-v1,HalfCheetah-v4,0
950001,spectral,0.097451,0.934527,0.875,SF-P3O-v1,HalfCheetah-v4,0
950272,loss,0.0002533178776502609,0.7860903739929199,SF-P3O-v1,HalfCheetah-v4,0
950272,diagnostics,0.0,102.34,18.7683,0.097828,0.934362,0.8638,0.12201,SF-P3O-v1,HalfCheetah-v4,0
951000,reward,951,1183.9344733052917,1202.061,SF-P3O-v1,HalfCheetah-v4,0
952000,reward,952,1273.3854092835059,1214.397,SF-P3O-v1,HalfCheetah-v4,0
953000,reward,953,1156.2946606187393,1212.569,SF-P3O-v1,HalfCheetah-v4,0
954000,reward,954,1190.8953305339578,1224.023,SF-P3O-v1,HalfCheetah-v4,0
955000,reward,955,1152.6596418078786,1226.987,SF-P3O-v1,HalfCheetah-v4,0
956000,reward,956,1135.6684902648522,1201.152,SF-P3O-v1,HalfCheetah-v4,0
957000,reward,957,1182.6540044044932,1191.423,SF-P3O-v1,HalfCheetah-v4,0
958000,reward,958,1188.8084186939109,1184.756,SF-P3O-v1,HalfCheetah-v4,0
958464,loss,0.01216607354581356,0.7801934480667114,SF-P3O-v1,HalfCheetah-v4,0
959000,reward,959,1219.8828201915085,1177.508,SF-P3O-v1,HalfCheetah-v4,0
960000,speed,457.09,25.64,SF-P3O-v1,HalfCheetah-v4,0
960000,reward,960,1363.348695521046,1204.753,SF-P3O-v1,HalfCheetah-v4,0
960001,perturb,0.09816,0.934272,0.8766,23968,43878,1.061328,13,SF-P3O-v1,HalfCheetah-v4,0
961000,reward,961,1224.992395700678,1208.859,SF-P3O-v1,HalfCheetah-v4,0
962000,reward,962,1188.3503676688692,1200.355,SF-P3O-v1,HalfCheetah-v4,0
963000,reward,963,1236.425426023006,1208.369,SF-P3O-v1,HalfCheetah-v4,0
964000,reward,964,1120.0030223340539,1201.279,SF-P3O-v1,HalfCheetah-v4,0
965000,reward,965,1170.7770022496884,1203.091,SF-P3O-v1,HalfCheetah-v4,0
966000,reward,966,1326.7021751671339,1222.194,SF-P3O-v1,HalfCheetah-v4,0
966656,loss,-0.024704664945602417,0.8040282726287842,SF-P3O-v1,HalfCheetah-v4,0
966656,diagnostics,0.0,106.85,11.1496,0.099503,0.933535,0.8815,0.136615,SF-P3O-v1,HalfCheetah-v4,0
967000,reward,967,1332.300935112868,1237.159,SF-P3O-v1,HalfCheetah-v4,0
968000,reward,968,1231.2833657551014,1241.407,SF-P3O-v1,HalfCheetah-v4,0
969000,reward,969,1328.8290500641806,1252.301,SF-P3O-v1,HalfCheetah-v4,0
970000,speed,712.58,25.87,SF-P3O-v1,HalfCheetah-v4,0
970000,reward,970,1209.6490102326343,1236.931,SF-P3O-v1,HalfCheetah-v4,0
970001,spectral,0.099503,0.933535,0.8815,SF-P3O-v1,HalfCheetah-v4,0
971000,reward,971,1216.572406906102,1236.089,SF-P3O-v1,HalfCheetah-v4,0
972000,reward,972,1139.953045003358,1231.25,SF-P3O-v1,HalfCheetah-v4,0
973000,reward,973,1219.9735938459555,1229.604,SF-P3O-v1,HalfCheetah-v4,0
974000,reward,974,1178.2087503677365,1235.425,SF-P3O-v1,HalfCheetah-v4,0
974848,loss,-0.061090949922800064,0.9389362931251526,SF-P3O-v1,HalfCheetah-v4,0
975000,reward,975,1326.4486551446457,1250.992,SF-P3O-v1,HalfCheetah-v4,0
976000,reward,976,764.0152158055153,1194.723,SF-P3O-v1,HalfCheetah-v4,0
977000,reward,977,1387.0223368041325,1200.196,SF-P3O-v1,HalfCheetah-v4,0
978000,reward,978,1248.965305384978,1201.964,SF-P3O-v1,HalfCheetah-v4,0
979000,reward,979,1327.1848416493526,1201.799,SF-P3O-v1,HalfCheetah-v4,0
980000,speed,704.05,26.11,SF-P3O-v1,HalfCheetah-v4,0
980000,reward,980,1152.5151669996653,1196.086,SF-P3O-v1,HalfCheetah-v4,0
980001,spectral,0.099936,0.933388,0.8855,SF-P3O-v1,HalfCheetah-v4,0
981000,reward,981,1317.7002398624845,1206.199,SF-P3O-v1,HalfCheetah-v4,0
982000,reward,982,1292.5241571959707,1221.456,SF-P3O-v1,HalfCheetah-v4,0
983000,reward,983,741.8466722310199,1173.643,SF-P3O-v1,HalfCheetah-v4,0
983040,loss,-0.0178963802754879,0.64803147315979,SF-P3O-v1,HalfCheetah-v4,0
983040,diagnostics,0.0,107.06,7.5838,0.100338,0.933298,0.8857,0.125948,SF-P3O-v1,HalfCheetah-v4,0
984000,reward,984,1277.7663204440369,1183.599,SF-P3O-v1,HalfCheetah-v4,0
985000,reward,985,1300.9817498345774,1181.052,SF-P3O-v1,HalfCheetah-v4,0
986000,reward,986,1310.3830997912116,1235.689,SF-P3O-v1,HalfCheetah-v4,0
987000,reward,987,1468.8007375390282,1243.867,SF-P3O-v1,HalfCheetah-v4,0
988000,reward,988,1166.647334788378,1235.635,SF-P3O-v1,HalfCheetah-v4,0
989000,reward,989,1335.5128456452837,1236.468,SF-P3O-v1,HalfCheetah-v4,0
990000,speed,691.82,26.35,SF-P3O-v1,HalfCheetah-v4,0
990000,reward,990,1186.4764917814416,1239.864,SF-P3O-v1,HalfCheetah-v4,0
990001,spectral,0.100338,0.933298,0.8857,SF-P3O-v1,HalfCheetah-v4,0
991000,reward,991,1230.4769474556049,1231.142,SF-P3O-v1,HalfCheetah-v4,0
991232,loss,-0.08801700174808502,0.748923659324646,SF-P3O-v1,HalfCheetah-v4,0
992000,reward,992,1297.8803545337616,1231.677,SF-P3O-v1,HalfCheetah-v4,0
993000,reward,993,1312.9195152119378,1288.785,SF-P3O-v1,HalfCheetah-v4,0
994000,reward,994,1341.2102429204024,1295.129,SF-P3O-v1,HalfCheetah-v4,0
995000,reward,995,-129.46412474507528,1152.084,SF-P3O-v1,HalfCheetah-v4,0
996000,reward,996,1469.5519142163707,1168.001,SF-P3O-v1,HalfCheetah-v4,0
997000,reward,997,1382.458174740396,1159.367,SF-P3O-v1,HalfCheetah-v4,0
998000,reward,998,1415.9519405683789,1184.297,SF-P3O-v1,HalfCheetah-v4,0
999000,reward,999,1187.6454593208027,1169.511,SF-P3O-v1,HalfCheetah-v4,0
999424,loss,-0.015501958318054676,0.6191056966781616,SF-P3O-v1,HalfCheetah-v4,0
999424,diagnostics,0.0,107.27,15.6909,0.101083,0.932975,0.8811,0.121869,SF-P3O-v1,HalfCheetah-v4,0
1000000,speed,454.38,26.72,SF-P3O-v1,HalfCheetah-v4,0
1000000,reward,1000,1391.1681667851021,1189.98,SF-P3O-v1,HalfCheetah-v4,0
